agency_id,agency_name,agency_url,agency_timezone
ABBL,Abbotts Of Leeming,,
ACK,Acklams Coaches,,
AK,Atkinson's Coaches,,
ANED,Arriva North East,,
ASH,Ashley Travel,,
BBC,Globe of Barnsley,,
BCL,Beverley Community Lift,,
BK,BusKing,,
BKS,Brecks International,,
BLTR,B L Travel,,
BND,Stagecoach Yorkshire (BN,,
BP,Burnley & Pendle Travel,,
CACC,Coastal & Country Coach,,
CAM,Camerons Travel,,
CLT,Stagecoach in Hull,,
CPL,CT PLUS (Leeds),,
CTP,CT Plus,,
DCT,Doncaster Community Tran,,
DD,Dales and District,,
ERTR,Ellie Rose Travel LTD,,
ERYC,East Riding of Yorkshire,,
EY,EYMS,,
FCH,First Calderdale and Hud,,
FGM,First in Manchester,,
FL,First Leeds,,
FSY,First South Yorkshire Lt,,
FY,First West & North Yorks,,
GGF,Goole Go Far,,
GJH,G & J Holmes,,
GLC,Globe Coaches,,
HABC,Halifax Bus Company,,
HAR,North Holderness Communi,,
HDT,transdev / Harrogate and,,
HEA,Heatons Coaches,,
HG,connexions/Harrogate Coa,,
HPH,Hodgsons Coaches,,
HPK,High Peak,,
HTR,Hayesway Travel,,
HUL,Hulleys,,
ISL,Isle Coaches,,
JASI,Jacksons of Silsden,,
JBT,Johnson Brothers Tours L,,
JKM,J K Murgatroyd,,
JSS,Silverline,,
KDT,Keighley & District,,
KLC,Kirkby Lonsdale,,
KTW,Kettlewell Coaches,,
LIN,Linburg Touring,,
LLT,LL Travel,,
LRC,RoadCar/Stagecoach Lincs,,
LS,Longstaff of Mirfield,,
MOX,Moxons Tours,,
MTL,Marsland Travel,,
NMC,Nafferton Millennium Com,,
NYC,North Yorkshire County C,,
OLC,Olympic Coaches,,
PCH,Frank Poppleton Ltd,,
PECO,Pearsons Coaches,,
PHT,Hodgsons Travel,,
POD,Pride Of the Dales,,
POW,Powell Bus,,
RAC,Rackford Coaches,,
RMS,Reliance Motor Services ,,
ROST,Rossendale Transport,,
ROTR,Ross Travel,,
RRB,Road Runner Bus & Coach,,
RYE,Ryecat Ltd,,
SCH,Stagecoach in Hull,,
SCT,Sheffield Community Tran,,
SDMS,Scarborough and District,,
SPC,South Pennine Community ,,
SPM,Stringers Pontefract Mot,,
SQU,Squarepeg,,
ST,Stevensons Travel,,
STCO,E Stott & Sons Ltd,,
STL,Streamline,,
STM,Stagecoach Supertram,,
STN,Station Coaches,,
SUN,SS Suncruiser,,
SYC,Stagecoach Yorkshire Che,,
TEDE,K-Line,,
THI,Thornes Independent Ltd,,
TLC,TLC Travel Ltd,,
TML,T M Travel,,
TMS,Tetley Motor Services,,
TOR,Tordoff Transport,,
ULC,Ultimate Coaches,,
UNI,Unity Coaches,,
UWB,Upper Wharfedale Communi,,
UWCO,The Little White Bus,,
WAT,R & S WATERSON,,
WBH,Wilfreda Beehive,,
WHA,Wharfeconnections,,
WRAY,Arriva Yorkshire,,
YCD,Yorkshire Coastliner,,
YPC,York Pullman Bus Company,,
YRB,First Bradford,,
YTC,Stagecoach Yorkshire,,
YTG,Yorkshire Tiger,,
