route_id,agency_id,route_short_name,route_long_name,route_desc,route_type,route_url,route_color,route_text_color
YEAAGS0,GGF,AGS,Airmyn - Hook - Goole,,3,,,
YEABCL1,BCL,BCL1,Lockington - Beverley,,3,,,
YEABCL2,BCL,BCL2,Walkington - Beverley,,3,,,
YEABCL3,BCL,BCL3,Woodmansey - Beverley,,3,,,
YEACB03,HAR,CB3,Roos - Hedon - Bilton,,3,,,
YEAGT00,EY,GT,Goole Town Service (Circular Service),,3,,,
YEAHRT1,HAR,HRT1,Aldbrough - Hornsea,,3,,,
YEAHRT2,HAR,HRT2,Hollym - Morrisons Hull,,3,,,
YEAHRT3,HAR,HRT3,Roos - Morrisons Hull,,3,,,
YEAHRT4,HAR,HRT4,Burton Pidsea - Hull,,3,,,
YEAHRT5,HAR,HRT5,Paull - Hull,,3,,,
YEAHRT6,HAR,HRT6,Skirlington - Leven - Beverley,,3,,,
YEANMC1,NMC,NMC1,Foxholes - Driffield,,3,,,
YEANMC2,NMC,NMC2,Nafferton - Driffield,,3,,,
YEANMC3,NMC,NMC3,Lowthorpe - Driffield,,3,,,
YEANMC4,NMC,NMC4,Nafferton - Driffield,,3,,,
YEANMC5,NMC,NMC5,Hutton Cranswick - Driffield,,3,,,
YEANMC6,NMC,NMC6,Huggate - Driffield,,3,,,
YEAO006,ACK,6,Beverley BS - Parklands,,3,,,
YEAO018A,EY,18A,Holme on Spalding Moor - York,,3,,,
YEAO045A,EY,45A,York - Pocklingon,,3,,,
YEAO046,EY,46,Bridlington - Driffield,,3,,,
YEAO060A,EY,60A,Hull - Cottingham,,3,,,
YEAO061C,EY,61C,Beverley - Hull,,3,,,
YEAO064C,EY,64C,Hull - Willerby,,3,,,
YEAO075,EY,75,Hull - Withernsea,,3,,,
YEAO076,EY,76,Hull - Withernsea,,3,,,
YEAO076C,PECO,76C,Humbleton - Burton Pidsea - Withernsea,,3,,,
YEAO077,EY,77,Hull - Withernsea,,3,,,
YEAO079,EY,79,Hull - Hedon,,3,,,
YEAO106,EY,106,Hull - Cottingham,,3,,,
YEAO115,EY,115,Hull - Cottingham Castle Hill,,3,,,
YEAO122,EY,122,Hull - Beverley - Butterfly Meadows,,3,,,
YEAO123,SCH,123,Wilberforce College - Beverley,,3,,,
YEAO125,SCH,125,Hull - Beverley,,3,,,
YEAO134,EY,134,Driffield - Skerne,,3,,,
YEAO135,EY,135,Driffield - Sledmere,,3,,,
YEAO136,BK,136,Driffield -Beeford - Skipsea - Bridlington,,3,,,
YEAO142,EY,142,Beverley - Middleton,,3,,,
YEAO143,EY,143,Beverley - Melton Bottom,,3,,,
YEAO155,EY,155,Hull - Howden - Goole,,3,,,
YEAO155A,EY,155A,Hull - Howden - Goole,,3,,,
YEAO155B,EY,155B,Hessle - Melton,,3,,,
YEAO158,EY,158,Brough Town Service (Circular Service),,3,,,
YEAO180,EY,180,Beverley - Cottingham - Hessle - Swanland,,3,,,
YEAO195,EY,195,York - Pocklington,,3,,,
YEAO198,EY,198,Market Weighton - North Cliffe,,3,,,
YEAO220,EY,220,Hull - Aldbrough - Hornsea,,3,,,
YEAO221,EY,221,Hull - Aldbrough,,3,,,
YEAO230,EY,230,Hull - Hornsea,,3,,,
YEAO240,EY,240,Hull - Hornsea,,3,,,
YEAO242,SCH,242,Hedon - Beverley,,3,,,
YEAO243,ERYC,243,Withernsea - Beverley,,3,,,
YEAO246,EY,246,Hull - Beverley - Hornsea,,3,,,
YEAO270,EY,270,Driffield - Beeford,,3,,,
YEAO502,EY,502,Buckton - Bridlington,,3,,,
YEAO503,EY,503,Darwin Road - Bridlington -Darwin Road (Circular),,3,,,
YEAO504,EY,504,Bridlington Bus Station -Hawthornes - Bempton,,3,,,
YEAO505,EY,505,Bridlington - West Hill - Bridlington (Circular Service),,3,,,
YEAO506,EY,506,Bridlington - West Hill - Bridlington (Circular Service),,3,,,
YEAO507,EY,507,New Pasture Lane - Bridlington,,3,,,
YEAO510,EY,510,Bridlington - Flamborough,,3,,,
YEAO512,EY,512,Bridlington - Bempton Lane - Bridlington (Circular Service),,3,,,
YEAO513,EY,513,Bridlington - Bempton Lane - Bridlington (Circular Service),,3,,,
YEAO517,EY,517,Bridlington Town - New Pasture Lane,,3,,,
YEAO520,EY,520,Beverley - Swinemoor Estate (Circular Service),,3,,,
YEAO521,EY,521,Beverley - Swinemoor Est - Beverley (Circular Service),,3,,,
YEAO550,EY,550,Hornsea Freeport - Hornsea Caravan Park,,3,,,
YEAWT00,PECO,WT,Withernsea Town 1 (Circular Service),,3,,,
YEAX046,EY,X46,Hull - Beverley - Market Weighton,,3,,,
YEAX047,EY,X47,Hull - Cottingham - Beverley - York,,3,,,
YEAX055,EY,X55,Hull - Howden - Goole,,3,,,
YEAX080,EY,X80,Beverley - Willerby - Hessle,,3,,,
YEBGT00,EY,GT,Goole Town - Morning Service (Circular Service),,3,,,
YEBO018,EY,18,Market Weighton - Holme on Spalding Moor - York,,3,,,
YEBO045,EY,45,Bridlington - Driffield,,3,,,
YEBO045A,EY,45A,Driffield - Pocklington,,3,,,
YEBO046,EY,46,Driffield - Pocklington,,3,,,
YEBO060,EY,60,Hull - Cottingham,,3,,,
YEBO129,EY,129,Withernsea - Hornsea,,3,,,
YEBO131,EY,131,Bridlington - Carnaby - Bridlington (Circular Service),,3,,,
YEBO142,ACK,142,Beverley - Middleton - Kilnwick,,3,,,
YEBO173,EY,173,Hull Interchange - Withernsea,,3,,,
YEBO183,SCH,183,Hessle Town Service (Circular Service),,3,,,
YEBO199,EY,199,Huggate - Pocklington,,3,,,
YEBO361,EY,361,Goole - Scunthorpe,,3,,,
YEBO522,ACK,522,Beverley BS - Normandy Ave - Beverley BS (Circular),,3,,,
YEBO530,BK,530,Driffield Town Service (Circular Service),,3,,,
YEBO747,EY,747,York - Stamford Bridge - Bishop Wilton - Pocklington,,3,,,
YEBO920,ERTR,920,Aldbrough - Hornsea School,,3,,,
YEBWT00,PECO,WT,Withernsea Town 2 (Circular Service),,3,,,
YEBX046,EY,X46,Market Weighton - York,,3,,,
YECGT00,EY,GT,Goole Town - Evening (Circular Service),,3,,,
YECO045,EY,45,Driffield - Pocklington,,3,,,
YECO046,EY,46,Market Weighton - York,,3,,,
YECO071,EY,71,Withernsea - Holmpton - Easington,,3,,,
YECO088,EY,88,Rawcliffe Bridge - Rawcliffe - Goole,,3,,,
YECO130,EY,130,Hornsea - Bridlington,,3,,,
YECO196,EY,196,Aughton - York,,3,,,
YECO360,EY,360,Goole - Scunthorpe,,3,,,
YECWT00,PECO,WT,Withernsea Town 3 (Circular Service),,3,,,
YEDGT00,EY,GT,Goole High School - Fairfield Estate,,3,,,
YEDO045,EY,45,Pocklington - York,,3,,,
YEDO061,EY,61,Hull - Cottingham - Beverley,,3,,,
YEDO064,EY,64,Hull - Castle Hill Hospital,,3,,,
YEDO130,EY,130,Hornsea - Bridlington,,3,,,
YEDX047,EY,X47,Market Weighton - York,,3,,,
YEEO001,THI,1,Selby - Holme on Spalding Moor,,3,,,
YEEO005,ACK,5,Beverley - Model Farm - Beverley (Circular Service),,3,,,
YEFBPR0,EY,BPR,Bridlington P & R - Bridlington Windsor Crescent (Circluar),,3,,,
YEFO078,EY,78,Hull - Hedon,,3,,,
YEFO121,EY,121,Bridlington - Scarborough,,3,,,
YEGBPR0,ERYC,BPR,Bridlington P & R - East Riding Leisure,,3,,,
YEGO121,EY,121,Hull - Nafferton,,3,,,
YEGO277,EY,277,Hull - Preston - Hedon,,3,,,
YEHO121,EY,121,Hutton Cranswick - Driffield- Bridlington,,3,,,
YEIO121,EY,121,Beverley - Nafferton,,3,,,
YEIO124,EY,124,Bridlington - Driffield,,3,,,
YHAN004,SCH,N4,Hull Interchange - Preston Road Estate ( Trinity Grove ),,3,,,
YHAN062,SCH,N62,Hull Truck Theatre - Elloughton Main Street,,3,,,
YHAO001K,SCH,1K,Boothferry Estate - Kingswood Retail Park,,3,,,
YHAO001W,SCH,1W,Hull Interchange - Smith & Nephews - Boothferry Estate,,3,,,
YHAO002,SCH,2,Hull Interchange - Boothferry Estate,,3,,,
YHAO003,SCH,3,Greatfield - Grange PH - Orchard Park Tesco,,3,,,
YHAO003C,SCH,3C,Orchard Park - Hull Interchange,,3,,,
YHAO004,SCH,4,Greatfield - Grange PH - Orchard Park Tesco,,3,,,
YHAO005,SCH,5,Hull Interchange - Kingswood Retail Park,,3,,,
YHAO006,SCH,6,Hull Interchange - Kingswood,,3,,,
YHAO007,SCH,7,Hull Interchange - Kingswood Retail Park,,3,,,
YHAO008,SCH,8,Hull Interchange - Bransholme North Point,,3,,,
YHAO008X,SCH,8X,Hull Interchange - Bransholme Shopping Centre,,3,,,
YHAO009,SCH,9,Bransholme - Cottingham Castle Road,,3,,,
YHAO009A,SCH,9A,Bransholme Centre - Hull Interchange,,3,,,
YHAO010X,SCH,10X,Hull Interchange - North Bransholme,,3,,,
YHAO011,SCH,11,Hull Interchange - Kingswood Retail Park,,3,,,
YHAO012,SCH,12,Hull Interchange - Bransholme Shopping Centre,,3,,,
YHAO021,EY,21,Hull Interchange - Kingswood Retail Park,,3,,,
YHAO033,EY,33,Hull Interchange - Wymersley Road,,3,,,
YHAO034,EY,34,Hull Interchange - Willerby Square,,3,,,
YHAO034C,EY,34C,Hull Interchange - Willerby Square,,3,,,
YHAO044,EY,44,Hull Interchange - Willerby Square,,3,,,
YHAO044A,EY,44A,Hull Interchange - Willerby The Parkway,,3,,,
YHAO050,EY,50,Hull Interchange - Morrisons Holderness Road,,3,,,
YHAO056,EY,56,Hull Interchange - Asda Bilton,,3,,,
YHAO057,EY,57,Hessle Square - ASDA Bilton,,3,,,
YHAO062,EY,62,Hull Interchange - Setting Dyke,,3,,,
YHAO066,EY,66,Hull Interchange - Hessle Square,,3,,,
YHAO066B,EY,66B,Hull Interchange - Bridgehead Buisness Park,,3,,,
YHAO070,SCH,70,Hull Interchange - P&O Ferryport,,3,,,
YHAO103,EY,103,Hull Interchange - The Lawns Cottingham,,3,,,
YHAO105,EY,105,Hull Interchange - The Lawns Cottingham,,3,,,
YHAO107N,EY,107N,University - The Lawns ( Cottingham ),,3,,,
YHAO152,EY,152,Hull Interchange - Anlaby Lowfield Road,,3,,,
YHAO153,EY,153,Hull Interchange - South Cave,,3,,,
YHAO154,EY,154,Hull Interchange - Castle Hill Hospital,,3,,,
YHAO677,SCH,677,Hull Interchange - Cranswick Foods Preston,,3,,,
YHAPR00,SCH,PR,Hull Truck Theatre - Priory Park,,3,,,
YHAPRX0,SCH,PRX,Hull Truck Theatre - Priory Park,,3,,,
YHAU005,SCH,U5,Holy Trinity Church - Kingswood Retail Park,,3,,,
YHBN011,SCH,N11,Hull Truck Theatre - Kingswood Retail Park,,3,,,
YHBO003B,SCH,3B,Hull Interchange - Bricknell Estate,,3,,,
YHBO035,EY,35,Hull Interchange - Willerby The Parkway,,3,,,
YHBO035A,EY,35A,Hull Interchange - Willerby The Parkway,,3,,,
YHBO151,EY,151,Hull Interchange - Willerby Square,,3,,,
YHCO003A,SCH,3A,Hull Interchange - Orchard Park Tesco,,3,,,
YHCO010,SCH,10,Hull Interchange - Wawne,,3,,,
YHCO044C,EY,44C,Hull Interchange - Willerby Square,,3,,,
YHDO014,SCH,14,Hull Interchange - Greatfield Falkland Road,,3,,,
YHDO051,EY,51,Hull Interchange - Boothferry Estate,,3,,,
YHEO013,SCH,13,Hull Interchange - Orchard Park,,3,,,
YHFO001,SCH,1,Hull Interchange - Boothferry Estate,,3,,,
YHFO350,EY,350,Hull Interchange - Scunthorpe,,3,,,
YHGO016,SCH,16,Hull Interchange - Preston Road,,3,,,
YHGO350,SCH,350,Hull Interchange - Scunthorpe,,3,,,
YNAF001,OLC,F1,Filey - Sycamore Ave Circular,,3,,,
YNAF002,OLC,F2,Filey - Wharfedale Circular,,3,,,
YNAF005,OLC,F5,Filey - Eastfield,,3,,,
YNAJKM0,JKM,JKM,Pateley Bridge - Ripon,,3,,,
YNAO001A,HDT,1A,Harrogate - Knaresborough,,3,,,
YNAO001B,HDT,1B,Harrogate - Knaresborough,,3,,,
YNAO001C,HDT,1C,Harrogate - Knaresborough,,3,,,
YNAO001N,HDT,1N,Harrogate - Aspin Lane,,3,,,
YNAO002A,HDT,2A,Harrogate - Fountains Ave Circular,,3,,,
YNAO002B,HDT,2B,Harrogate - Bachelor Gdns Circular,,3,,,
YNAO004,WRAY,4,Selby - Goole,,3,,,
YNAO004A,THI,4A,Hemingbrough - Selby,,3,,,
YNAO006,WRAY,6,Selby - Brayton (Circle),,3,,,
YNAO013,SDMS,13,Scarborough - Newby,,3,,,
YNAO015,SDMS,15,Scarborough - Cloughton,,3,,,
YNAO017,SDMS,17,Scarbborugh - Eastfield,,3,,,
YNAO022,YCD,22,Boroughbridge - Ripon,,3,,,
YNAO022X,YCD,22X,York - Knaresborough,,3,,,
YNAO023X,YCD,23X,York - Boroughbridge,,3,,,
YNAO029,YCD,29,Easingwold - York,,3,,,
YNAO030X,RMS,30X,Thirsk - York,,3,,,
YNAO042,WRAY,42,Cawood - Selby College,,3,,,
YNAO044,NYC,44,Scarborough - Esplanade Circular,,3,,,
YNAO055,DD,55,Richmond - Northallerton,,3,,,
YNAO060,NYC,60,Great Thirkleby - Thirsk,,3,,,
YNAO064,SDMS,64,Seamer Rd P & R - Scarborough Circular,,3,,,
YNAO070,DD,70,Ripon - Northallerton,,3,,,
YNAO072,DD,72,Northallerton - Darlington,,3,,,
YNAO072A,NYC,72A,Skipton - Buckden,,3,,,
YNAO072B,UWB,72B,Buckden - Grassington,,3,,,
YNAO072R,POD,72R,Skipton - Grassington,,3,,,
YNAO073,DD,73,Bedale - Northallerton,,3,,,
YNAO074B,NYC,74B,Northallerton - Forest Rd,,3,,,
YNAO079,HPH,79,Barnard Castle - Richmond,,3,,,
YNAO079A,HPH,79A,Richmond - Ravensworth,,3,,,
YNAO080,ABBL,80,Leeming - Stokesley,,3,,,
YNAO081,ANED,81,Stokesley - Marske Estate,,3,,,
YNAO089,ABBL,89,Northallerton - Stokesley,,3,,,
YNAO094A,CACC,94A,Whitby - Stainsacre Circular,,3,,,
YNAO119,SDMS,119,Primrose Valley Lane End - Scarborough,,3,,,
YNAO128,SDMS,128,Pickering - Helmsley,,3,,,
YNAO138,DD,138,Ripon - Masham,,3,,,
YNAO138A,DD,138A,Ripon - Mickley Circular,,3,,,
YNAO139,DD,139,Ripon - Grantley,,3,,,
YNAO144,DD,144,Bedale - Masham,,3,,,
YNAO150,JSS,150,Thirsk - Ripon,,3,,,
YNAO159,DD,159,Ripon - Richmond,,3,,,
YNAO165,SDMS,165,Filey Rd P & R - Scarborough Circular,,3,,,
YNAO170,JSS,170,Ripon - Northallerton,,3,,,
YNAO175,RYE,175,Malton - Pickering,,3,,,
YNAO176,RYE,176,Malton - Kirkbymoorside,,3,,,
YNAO182,RYE,182,Foston - Malton,,3,,,
YNAO184,RYE,184,Malton - Barton le Willows,,3,,,
YNAO185,RYE,185,Malton - Firby,,3,,,
YNAO187,RYE,187,Malton - Norton,,3,,,
YNAO222,SDMS,222,Seamer Rd P & R - Alpamare Water Pk,,3,,,
YNAO333,SUN,333,Newlands - Scarborough,,3,,,
YNAO415,WRAY,415,York - Selby,,3,,,
YNAO495,YPC,495,Tadcaster - Selby,,3,,,
YNAO555,SUN,555,Scarborough - Filey,,3,,,
YNAO581,KLC,581,Settle - Kirkby Lonsdale,,3,,,
YNAO634,WRAY,634,Brayton College - Haddlesey,,3,,,
YNAO777,SUN,777,Eastfield - Scarborough,,3,,,
YNAO777S,SUN,777S,Scarborough - Eastfield,,3,,,
YNAO856,DD,856,Northallerton - Gayle,,3,,,
YNAR001,UWCO,RR1,Catterick - Richmond,,3,,,
YNAR001A,UWCO,RR1A,Skeeby - Catterick,,3,,,
YNAR002,UWCO,RR2,Richmond - Northallerton,,3,,,
YNAR003,UWCO,RR3,Bedale - Leyburn,,3,,,
YNAR003A,UWCO,RR3A,Bedale - Ripon,,3,,,
YNAR004,UWCO,RR4,Scorton - Barnard Castle,,3,,,
YNAS032,HDT,S32,Jennyfield - Harrogate,,3,,,
YNAS036,HDT,S36,Ripon - Harrogate,,3,,,
YNAX004,HG,X4,Harrogate - Wedderburn Circular,,3,,,
YNAX006,HDT,X6,Harrogate - Harlow Pines,,3,,,
YNAX006A,HG,X6A,Harrogate - Beckwith Knowle,,3,,,
YNAX008,WRAY,X8,Selby - Pollington,,3,,,
YNAX011,RRB,X11,Knaresborough - Harrogate,,3,,,
YNAX012,HG,X12,Harrogate - Duchy Road Circular,,3,,,
YNAX026,ANED,X26,Darlington - Colburn,,3,,,
YNAX027,ANED,X27,Darlington - Colburn,,3,,,
YNAX034,DD,X34,Richmond - Darlington,,3,,,
YNAX043,BP,X43,Skipton - Grassington,,3,,,
YNAX089,ABBL,X89,Leeming - Stokesley,,3,,,
YNBE000,UWCO,EXP,Leyburn - Gayle,,3,,,
YNBO001,HDT,1,Harrogate - Knaresborough,,3,,,
YNBO001A,CACC,1A,Whitby - Pannett Park Circular,,3,,,
YNBO002,SDMS,2,"Scarborough, Queen Street - Scarborough, Evelyn Drive",,3,,,
YNBO003,SDMS,3,Northstead - York Place (Circle),,3,,,
YNBO003A,SDMS,3A,York Place - Northstead (Circle),,3,,,
YNBO005,SDMS,5,Scarborough - Briercliffe Circular,,3,,,
YNBO006,SDMS,6,Scarborough - Briercliffe Circular,,3,,,
YNBO007,WRAY,7,Selby - Selby (Circle),,3,,,
YNBO013,SDMS,13,Town Centre - Sea Life Centre,,3,,,
YNBO014,SDMS,14,Town Centre - Newby,,3,,,
YNBO016,NYC,16,Skipton - Horse Close Circular,,3,,,
YNBO016A,NYC,16A,Skipton - Horse Close Circular,,3,,,
YNBO021,HDT,21,Knaresborough - Boroughbridge,,3,,,
YNBO022,YCD,22,Harrogate - Ripon,,3,,,
YNBO030S,RMS,30SE,Thirsk - York,,3,,,
YNBO030X,RMS,30XS,Easingwold - York,,3,,,
YNBO031,YCD,31,Easingwold - York,,3,,,
YNBO031B,NYC,31B,Richmond - Hurgill Rd,,3,,,
YNBO037,YPC,37,Tadcaster - York,,3,,,
YNBO040,RMS,40,Crayke - York,,3,,,
YNBO042,YCD,42,York - Drax,,3,,,
YNBO054,DD,54,Northallerton - Kirby Fleetham,,3,,,
YNBO060A,NYC,60A,Thirsk - Sessay,,3,,,
YNBO072,POD,72,Skipton - Grassington,,3,,,
YNBO074A,NYC,74A,Northallerton - Crosby Rd,,3,,,
YNBO091,CACC,91,Whitby - Castle Park Circular,,3,,,
YNBO095,ANED,95,Whitby Sainsburys - Lealholme,,3,,,
YNBO099,CACC,99,Whitby - Lealholm,,3,,,
YNBO113,UWCO,113,Gayle - Garsdale Station,,3,,,
YNBO115,SDMS,115,Scarborough - Ravenscar,,3,,,
YNBO128,SDMS,128,Scarborough - Pickering,,3,,,
YNBO171,HTR,171,Pickering - Whitfield Ave Circular,,3,,,
YNBO173,RYE,173,Pickering - Rosedale,,3,,,
YNBO174,RYE,174,Pickering - Kirkbymoorside,,3,,,
YNBO190,NYC,190,Malton - Foxholes,,3,,,
YNBO211,NYC,211,Skipton - Malham,,3,,,
YNBO486,THI,486,Hensall - Selby,,3,,,
YNBO488,THI,488,Hensall - Goole,,3,,,
YNBO580,KLC,580,Skipton - Settle,,3,,,
YNBR001,HG,RS1,Ripon City Service,,3,,,
YNBR002,HG,RS2,Ripon City Service,,3,,,
YNBR003,HG,RS3,Ripon City Service,,3,,,
YNBX001,RRB,X1,Harrogate - Knaresborough,,3,,,
YNBX004,ANED,X4,Whitby - Loftus,,3,,,
YNBX006,HG,X6,Harrogate - Pannal Ash,,3,,,
YNBX080,ABBL,X80,Northallerton - Middlesbrough,,3,,,
YNCO001,SDMS,1,St Thomas Street - Cayton,,3,,,
YNCO003,SDMS,3,Town Centre - Sea Life Centre,,3,,,
YNCO003A,SDMS,3A,Sea Life Centre - Town Centre,,3,,,
YNCO004,NYC,4,Weaponness - Scarborough,,3,,,
YNCO005,AK,5,Thirsk - Boroughbridge,,3,,,
YNCO006,AK,6,Ripon - Boroughbridge,,3,,,
YNCO007,SDMS,7,Scarborough - Easfield Circular,,3,,,
YNCO012,NYC,12,Skipton - Carleton Circular,,3,,,
YNCO014,NYC,14,Skipton - Embsay Circular,,3,,,
YNCO021,HDT,21,Knaresborough - Boroughbridge,,3,,,
YNCO022,YCD,22,York - Boroughbridge,,3,,,
YNCO023,YCD,23,Boroughbridge - Ripon,,3,,,
YNCO024,HDT,24,Harrogate - Pateley Bridge,,3,,,
YNCO028A,ANED,28A,Middlesbrough - Lingdale/Stokesley,,3,,,
YNCO029,DD,29,Richmond - Darlington,,3,,,
YNCO030,UWCO,30,Keld - Richmond,,3,,,
YNCO031A,NYC,31A,Richmond - Conan Dr,,3,,,
YNCO032,UWCO,32,Catterick - Tunstall,,3,,,
YNCO059,NYC,59,Thirsk - Coxwold,,3,,,
YNCO098,CACC,98,Whitby - West Cliff Circular,,3,,,
YNCO136,DD,136,Ripon - Melmerby,,3,,,
YNCO147,DD,147,Thirsk - Ripon,,3,,,
YNCO155,NYC,155,Bedale - Leyburn,,3,,,
YNCO156,UWCO,156,Leyburn - Gayle,,3,,,
YNCO170,HTR,170,Pickering - Littledale Circular,,3,,,
YNCO193,NYC,193,Malton - Norton,,3,,,
YNCO210,NYC,210,Skipton - Malham,,3,,,
YNCO400,WRAY,400,Selby - Goole,,3,,,
YNCO401,WRAY,401,Selby - Goole,,3,,,
YNCO492,HG,492,Tadcaster - Sherburn,,3,,,
YNCO493,HG,493,Tadcaster - Sherburn,,3,,,
YNCO494,HG,494,Ulleskelf - Sherburn,,3,,,
YNCO496,YPC,496,Fairburn - Selby,,3,,,
YNCO875,WRAY,875,Buckden - Hawes,,3,,,
YNCX004,WRAY,X4,Selby - Goole,,3,,,
YNDO006,HDT,6,Harrogate - Pannal Ash Circular,,3,,,
YNDO007,AK,7,Kirby Hill - Boroughbridge,,3,,,
YNDO010,SDMS,10,Town Centre - Scarborough Hospital,,3,,,
YNDO011,NYC,11,Horton In Ribblesdale - Tosside,,3,,,
YNDO012,SDMS,12,Scarborough Railway Stn - Water Park Circular,,3,,,
YNDO023,YCD,23,Knaresborough - Ripon,,3,,,
YNDO030,RMS,30,Thirsk - York,,3,,,
YNDO031X,YCD,31X,Kirkbymoorside - York,,3,,,
YNDO073,NYC,73,Skipton - Greenacres Circular,,3,,,
YNDO075,KLC,75,Skipton - Malham,,3,,,
YNDO153,DD,153,Thirsk - Northallerton,,3,,,
YNDX020,SDMS,X20,Scarborough - Filey,,3,,,
YNDX054,DD,X54,Catterick - Richmond,,3,,,
YNEO001,AK,1,Knaresborough - Boroughbridge,,3,,,
YNEO002,AK,2,Raskelf - Boroughbridge,,3,,,
YNEO003,AK,3,Hunsingore - Boroughbridge,,3,,,
YNEO005,WRAY,5,Selby - Hospital,,3,,,
YNEO023,YCD,23,York - Boroughbridge,,3,,,
YNEO029A,YCD,29A,Easingwold - York,,3,,,
YNEX093,ANED,X93,Guisborough - Whitby,,3,,,
YNFO001,CACC,1,Whitby - Abbey Circular,,3,,,
YNFO003,HDT,3,Harrogate - Jennyfield Circular,,3,,,
YNFO004,AK,4,Skelton - Boroughbridge,,3,,,
YNFO005,SDMS,5,Town Centre - Sea Life Centre (Circle),,3,,,
YNFO008,SDMS,8,Scarborough - Hutton Buscel,,3,,,
YNFP001,ANED,P1,Whitby Park & Ride - Whitby Park & Ride (Circle),,3,,,
YNFP002,ANED,P2,Whitby Park & Ride - Whitby Park & Ride (Circle),,3,,,
YNFX093,ANED,X93,Whitby - Scarborough,,3,,,
YNHO831,WRAY,831,Settle - Hawes,,3,,,
YSAA002,FSY,AM2,Amazon - Doncaster,,3,,,
YSAB000,STM,BLUE,Halfway - Malin Bridge,,,,,
YSAD000,KTW,DS,Doncaster - Tuxford,,3,,,
YSAO006A,TML,6a,Sheffield - Manor Top,,3,,,
YSAO010A,SCT,10a,Manor Park - Sheffield - Heeley (Circle),,3,,,
YSAO015A,SYC,15a,Crystal Peaks - Dronfield Civic Centre,,3,,,
YSAO016,FSY,16,Balby - Doncaster,,3,,,
YSAO021A,YTC,21a,Barnsley - Penistone,,3,,,
YSAO022C,FSY,22c,Sheffield - Wath upon Dearne (Circle) (Circle),,3,,,
YSAO022X,YTC,22x,Rotherham - Barnsley,,3,,,
YSAO028A,YTC,28a,Barnsley - Pontefract,,3,,,
YSAO028C,YTC,28c,Barnsley - Pontefract,,3,,,
YSAO031B,YTC,31b,Sheffield - Loxley,,3,,,
YSAO035A,YTC,35a,Chapeltown - Thorncliffe Ind Est (Circle),,3,,,
YSAO037,FSY,37,Rotherham - Ravenfield,,3,,,
YSAO050A,FSY,50a,Doncaster - Carcroft,,3,,,
YSAO050B,SYC,50b,Sheffield - Chesterfield,,3,,,
YSAO051,FSY,51,Lodge Moor - Charnock,,3,,,
YSAO053A,LRC,53a,Halfway - Mansfield,,3,,,
YSAO054,FSY,54,Doncaster - Woodlands (Circle) (Circle),,3,,,
YSAO055,FSY,55,Doncaster - Rossington (Circle),,3,,,
YSAO064,FSY,64,Doncaster - Arksey (Circle) (Circle),,3,,,
YSAO064A,FSY,64a,Doncaster - Arksey (Circle),,3,,,
YSAO065A,HUL,65a,Sheffield - Baslow,,3,,,
YSAO067A,YTC,67a,Barnsley - Wombwell,,3,,,
YSAO067B,YTC,67b,Barnsley - Wombwell,,3,,,
YSAO067C,YTC,67c,Barnsley - Wombwell,,3,,,
YSAO071,FSY,71,Doncaster - Hexthorpe,,3,,,
YSAO071A,SYC,71a,Sheffield - Chesterfield,,3,,,
YSAO073X,FSY,73x,Lakeside - Doncaster (Circle),,3,,,
YSAO075,FSY,75,Jordanthorpe - Shiregreen (Circle),,3,,,
YSAO076,FSY,76,Lowedges - Shiregreen (Circle),,3,,,
YSAO081,FSY,81,Stannington - Dore,,3,,,
YSAO082,FSY,82,Hall Park Head - Millhouses,,3,,,
YSAO083B,FSY,83b,Ecclesfield - Ranmoor,,3,,,
YSAO084B,FSY,84b,Doncaster - Sykehouse,,3,,,
YSAO085,FSY,85,Sheffield - High Green,,3,,,
YSAO086A,FSY,86a,Thorne - Thorne (Circle),,3,,,
YSAO087,FSY,87,Doncaster - Moorends,,3,,,
YSAO093A,YTC,93a,Barnsley - Kexbrough,,3,,,
YSAO095,FSY,95,Sheffield - Walkley,,3,,,
YSAO095A,YTC,95a,Barnsley - Kexbrough,,3,,,
YSAO097,FSY,97,Hillsborough - Totley,,3,,,
YSAO098,FSY,98,Hillsborough - Totley Brook,,3,,,
YSAO112,FSY,112,Rotherham - East Dene (Circle),,3,,,
YSAO115,FSY,115,Rotherham - East Herringthorpe (Circle),,3,,,
YSAO136,FSY,136,Rotherham - High Green,,3,,,
YSAO138,POW,138,Killamarsh - Eckington,,3,,,
YSAO139,FSY,139,Rotherham - Kimberworth Park (Circle),,3,,,
YSAO193S,WAT,193s,Athersley North - Carlton,,3,,,
YSAO200,WBH,200,Belle Vue - Bessacarr - Gainsbrough,,3,,,
YSAO208,YTC,208,Rotherham - Grimethorpe,,3,,,
YSAO215,TML,215,Sheffield - Bakewell,,3,,,
YSAO219,YTC,219,Barnsley - Doncaster,,3,,,
YSAO219A,YTC,219a,Barnsley - Doncaster,,3,,,
YSAO220,YTC,220,Wath - Doncaster,,3,,,
YSAO226,YTC,226,Barnsley - Thurnscoe,,3,,,
YSAO345,MOX,345,Langold - Dinnington Comprehensive School,,3,,,
YSAO353,SPC,353,Holmfirth - Barnsley,,3,,,
YSAO399,ISL,399,Doncaster - Owston Ferry - Scunthorpe,,3,,,
YSAO409,WRAY,409,Doncaster - Pontefract,,3,,,
YSAO474,FSY,474,Kirk Sandall - Edenthorpe,,3,,,
YSAO482A,PHT,482a,Barnsley Academy - Barnsley,,3,,,
YSAO487,YTC,487,Barnsley - Darton High School,,3,,,
YSAO488,FSY,488,Thorne - Moorends,,3,,,
YSAO489,YTC,489,Barnsley - Kexborough,,3,,,
YSAO490,FSY,490,Cantley - Doncaster,,3,,,
YSAO499,LLT,499,Askern - Woodlands,,3,,,
YSAO595,LRC,595,Bawtry - Queen Elizabeth School,,3,,,
YSAO657,RAC,657,Ulley - Aston,,3,,,
YSAO680,BKS,680,Thorne Hill - Thorpe Hesley - Rotherham,,3,,,
YSAO717,RAC,717,Sheffield Lane Top - Parson Cross,,3,,,
YSAO718,FSY,718,Newfield School - Meadowhall,,3,,,
YSAO720,FSY,720,Halfway - Sothall,,3,,,
YSAO725,FSY,725,Meadowhead - Bradway,,3,,,
YSAO736,POW,736,Tinsley - Shiregreen,,3,,,
YSAO752,FSY,752,Sheffield - Aston School,,3,,,
YSAO762,POW,762,Rivelin - Worrall,,3,,,
YSAO775,FSY,775,Ecclesfield School - Parson Cross,,3,,,
YSAO798,FSY,798,Sheffield - Totley Brook,,3,,,
YSAP000,STM,PURP,Meadowhall - Herdings Park,,,,,
YSAR002,UNI,ROA2,Wiseton - Retford,,3,,,
YSAS001A,YTC,SL1a,Stocksbridge - Middlewood Park & Ride (Circle),,3,,,
YSAX001,FSY,X1,Sheffield - Maltby,,3,,,
YSAX054,FSY,X54,Sheffield - Harthill,,3,,,
YSAX065,YTC,X65,Barnsley - Meadowhall,,3,,,
YSBI004,FSY,i4,Doncaster - Iport,,3,,,
YSBN066,YTC,N66,Barnsley - Elsecar (Circle),,3,,,
YSBO003A,FSY,3a,Nether Edge - Meadowhall,,3,,,
YSBO004A,TML,4a,Sheffield - Millhouses,,3,,,
YSBO006,YTC,6,Barnsley - Kendray (Circle) (Circle),,3,,,
YSBO007A,YTC,7a,Crystal Peaks - Ecclesfield,,3,,,
YSBO008A,FSY,8a,Ecclesfield - Crystal Peaks,,3,,,
YSBO011,YTC,11,Barnsley - Athersley North (Circle) (Circle),,3,,,
YSBO012,YTC,12,Barnsley - Athersley South (Circle),,3,,,
YSBO015,FSY,15,Clay Lane - Edlington (Circle),,3,,,
YSBO015A,FSY,15a,Wheatley - Edlington (Circle),,3,,,
YSBO018A,FSY,18a,High Storrs School - Meadowhall,,3,,,
YSBO019B,LRC,19b,Rotherham - Worksop,,3,,,
YSBO020,YTC,20,Barnsley - Penistone,,3,,,
YSBO021,YTC,21,Barnsley - Penistone,,3,,,
YSBO022A,FSY,22a,Sheffield - Wath upon Dearne (Circle) (Circle),,3,,,
YSBO024A,TML,24a,Barnsley - Penistone,,3,,,
YSBO026A,TML,26a,Crystal Peaks - Thorpe Salvin (Circle),,3,,,
YSBO027B,YTC,27b,Barnsley - Wombwell,,3,,,
YSBO030A,TML,30a,Sheffield - Plumbley,,3,,,
YSBO034,FSY,34,Rotherham - Whiston (Circle),,3,,,
YSBO036B,WAT,36b,Lundwood - Shafton,,3,,,
YSBO038A,WAT,38a,Barnsley - Hemsworth (Circle),,3,,,
YSBO041A,FSY,41a,Doncaster - Scawsby (Circle),,3,,,
YSBO050B,FSY,50b,Doncaster - Skellow,,3,,,
YSBO051A,FSY,51a,Doncaster - Instoneville,,3,,,
YSBO052A,FSY,52a,Woodhouse - Wisewood,,3,,,
YSBO057,FSY,57,Doncaster - Finningley,,3,,,
YSBO058,FSY,58,Doncaster - Bessacarr,,3,,,
YSBO065,FSY,65,Doncaster - Wheatley Hills,,3,,,
YSBO065A,HPK,65a,Tideswell - Buxton,,3,,,
YSBO066,FSY,66,Intake - Bentley (Circle),,3,,,
YSBO072X,FSY,72x,Doncaster - Lakeside (Circle),,3,,,
YSBO073A,FSY,73a,Rotherham - Treeton,,3,,,
YSBO083A,YTC,83a,Ecclesfield - Fulwood,,3,,,
YSBO084A,FSY,84a,Doncaster - Lindholme,,3,,,
YSBO087A,FSY,87a,Doncaster - Moorends,,3,,,
YSBO093,YTC,93,Barnsley - Kexbrough,,3,,,
YSBO095,YTC,95,Barnsley - Kexbrough,,3,,,
YSBO099,LRC,99,Doncaster - Retford,,3,,,
YSBO111,FSY,111,Rotherham - East Dene (Circle),,3,,,
YSBO114,FSY,114,Rotherham - Stag (Circle) (Circle),,3,,,
YSBO120,FSY,120,Halfway - Fulwood,,3,,,
YSBO124,JBT,124,Killamarsh - Eckington,,3,,,
YSBO125,JBT,125,High Moor - Eckington,,3,,,
YSBO137,FSY,137,Rotherham - Blackburn,,3,,,
YSBO140,FSY,140,Rotherham - Kimberworth Park (Circle),,3,,,
YSBO141,FSY,141,Rotherham - Kimberworth Park (Circle),,3,,,
YSBO142,FSY,142,Rotherham - Kimberworth Park (Circle),,3,,,
YSBO193,WAT,193,Barnsley - Wakefield,,3,,,
YSBO204,FSY,204,Doncaster - Doncaster Sheffield Airport,,3,,,
YSBO205,FSY,205,Doncaster - Tickhill,,3,,,
YSBO222,YTC,222,Barnsley - Cortonwood,,3,,,
YSBO272,HUL,272,Sheffield - Castleton,,3,,,
YSBO273,HUL,273,Sheffield - Castleton,,3,,,
YSBO275,HUL,275,Sheffield - Bakewell,,3,,,
YSBO428,YTC,428,Goldthorpe - Thurnscoe,,3,,,
YSBO441,FSY,441,Doncaster - Scawsby,,3,,,
YSBO456,YTC,456,Cudworth - Shafton Alc,,3,,,
YSBO488,YTC,488,Barnsley - Darton High School,,3,,,
YSBO522,LRC,522,Finningley - Austerfield,,3,,,
YSBO530,POW,530,Arksey - Scawthorpe,,3,,,
YSBO536,WRAY,536,Horbury - Haigh,,3,,,
YSBO541,POW,541,Sprotborough - Ridgewood School,,3,,,
YSBO542,YTG,542,Adwick on Dearne - Scawsby,,3,,,
YSBO552,POW,552,Tickhill - Edlington,,3,,,
YSBO588,POW,588,Tickhill - Cantley,,3,,,
YSBO627,FSY,627,Rotherham - Harthill,,3,,,
YSBO639,POW,639,Thrucroft - Wales High School,,3,,,
YSBO647,MTL,647,Thurnscoe - Wath,,3,,,
YSBO649,MTL,649,Wombwell - Wath,,3,,,
YSBO730,FSY,730,Mosborough - Sothall,,3,,,
YSBO731,FSY,731,Forge Valley School - Commonside,,3,,,
YSBO763,FSY,763,Stannington - Bradfield School,,3,,,
YSBO764,FSY,764,Stannington - Bradfield School,,3,,,
YSBO781,FSY,781,Millhouses - University,,3,,,
YSBO782,FSY,782,Grenoside - Notre Dame School,,3,,,
YSBO784,FSY,784,Ecclesfield - Notre Dame School,,3,,,
YSBO786,FSY,786,Heeley - Notre Dame School,,3,,,
YSBO790,FSY,790,Chapeltown - All Saint's School,,3,,,
YSBO952,FSY,952,Sheffield - Hillsborough,,3,,,
YSBT006,TML,T6,Harthill - Worksop,,3,,,
YSBX004,FSY,X4,Doncaster - Doncaster Sheffield Airport (Circle),,3,,,
YSBX005,FSY,X5,Sheffield - Dinnington,,3,,,
YSBX007,POW,X7,Sheffield - Maltby,,3,,,
YSBX010,YTC,X10,Barnsley - Leeds,,3,,,
YSBX017,SYC,X17,Sheffield - Matlock,,3,,,
YSBX020,YTC,X20,Barnsley - Doncaster,,3,,,
YSBX045,WRAY,X45,Doncaster - Selby,,3,,,
YSBX055,FSY,X55,Sheffield - Dinnington,,3,,,
YSCA001,TML,A1,Sheffield - Meadowhall,,3,,,
YSCH001,SCT,H1,Northern General Hospital - Hallamshire Hospital,,3,,,
YSCM092,SCT,M92,Harley - Chapeltown - Fox Hill (Circle),,3,,,
YSCO001,FSY,1,Rotherham - Ravenfield Common,,3,,,
YSCO001A,FSY,1a,High Green - Herdings,,3,,,
YSCO005,SCT,5,Sheffield - Firth Park,,3,,,
YSCO010,FSY,10,Rotherham - Doncaster,,3,,,
YSCO014,FSY,14,Cantley - Edlington,,3,,,
YSCO019A,LRC,19a,Worksop - Rotherham,,3,,,
YSCO020,FSY,20,Hemsworth - Ecclesfield,,3,,,
YSCO027,FSY,27,Rotherham - Crystal Peaks,,3,,,
YSCO027A,YTC,27a,Barnsley - Wombwell,,3,,,
YSCO029A,FSY,29a,Rotherham - Harthill,,3,,,
YSCO032,YTC,32,Barnsley - Cudworth,,3,,,
YSCO036A,WAT,36a,Shafton - Hemsworth,,3,,,
YSCO037A,WAT,37a,Barnsley - Hemsworth,,3,,,
YSCO038A,FSY,38a,Hillsborough - Firth Park,,3,,,
YSCO050,FSY,50,Doncaster - Skellow,,3,,,
YSCO050A,SYC,50a,Sheffield - Chesterfield,,3,,,
YSCO051A,FSY,51a,Crosspool - Sharrow,,3,,,
YSCO057,YTC,57,Barnsley - Royston Wakefield,,3,,,
YSCO059,YTC,59,Barnsley - Royston Wakefield,,3,,,
YSCO066,FSY,66,Rotherham - Thorpe Hesley (Circle),,3,,,
YSCO066A,FSY,66a,Intake - Bentley (Circle),,3,,,
YSCO067,YTC,67,Barnsley - Wombwell,,3,,,
YSCO070A,SYC,70a,Chesterfield - Sheffield,,3,,,
YSCO074A,FSY,74a,Rotherham - Sheffield,,3,,,
YSCO082,FSY,82,Doncaster - Armthorpe (Circle) (Circle),,3,,,
YSCO084,FSY,84,Doncaster - Thorne,,3,,,
YSCO086,FSY,86,Thorne - Thorne (Circle),,3,,,
YSCO092A,YTG,92a,Barnsley - Cawthorne,,3,,,
YSCO106,YTC,106,Rotherham - Warren Vale (Circle),,3,,,
YSCO111,TML,111,Rotherham - East Dene (Circle),,3,,,
YSCO120,YTC,120,Halfway - Fulwood,,3,,,
YSCO126,JBT,126,High Moor - Eckington,,3,,,
YSCO134,JBT,134,Westthorpe - Eckington,,3,,,
YSCO137,TML,137,Rotherham - Blackburn,,3,,,
YSCO138,FSY,138,Rotherham - Kimberworth Park,,3,,,
YSCO140,TML,140,Rotherham - Kimberworth Park,,3,,,
YSCO141,TML,141,Rotherham - Kimberworth Park,,3,,,
YSCO216,FSY,216,Sheffield - Dinnington,,3,,,
YSCO217,YTC,217,Barnsley - Rotherham,,3,,,
YSCO218,YTC,218,Barnsley - Rotherham,,3,,,
YSCO221,YTC,221,Rotherham - Doncaster,,3,,,
YSCO272,FSY,272,Sheffield - Castleton,,3,,,
YSCO291,ISL,291,Doncaster - Owston Ferry,,3,,,
YSCO405,WRAY,405,Doncaster - Selby,,3,,,
YSCO419,YTC,419,Balby - Balby Carr,,3,,,
YSCO429,FSY,429,Toll Bar - Don Valley School,,3,,,
YSCO450,FSY,450,Skellow - Woodlands,,3,,,
YSCO490,WRAY,490,Darton High School - Mapplewell,,3,,,
YSCO492,FSY,492,Tickhill - Hallcross School,,3,,,
YSCO496,WRAY,496,Wakefield - Doncaster,,3,,,
YSCO521,POW,521,Bawtry - Auckley,,3,,,
YSCO522,POW,522,Bawtry - Auckley,,3,,,
YSCO523,POW,523,Auckley - Bawtry,,3,,,
YSCO540,POW,540,Goldthorpe - Ridgewood School,,3,,,
YSCO541,CTP,541,Sprotbrough - Scawsby,,3,,,
YSCO637,FSY,637,Rotherham - Ravenfield,,3,,,
YSCO638,FSY,638,Rotherham - Blackburn,,3,,,
YSCO648,MTL,648,Greasbrough - Wath upon Dearne,,3,,,
YSCO655,FSY,655,Woodhouse - Aston,,3,,,
YSCO681,BKS,681,Thorn Hill - Thorpe Hesley - Rotherham,,3,,,
YSCO682,BKS,682,Thorn Hill - Thorpe Hesley - Rotherham,,3,,,
YSCO683,POW,683,Scholes - Moorgate,,3,,,
YSCO697,RAC,697,Aston - Aughton - Ulley,,3,,,
YSCO710,TML,710,Woodhouse - Stradbroke (Circle),,3,,,
YSCO716,LIN,716,Totley - Totley Brook,,3,,,
YSCO728,FSY,728,High Green - Ecclesfield,,3,,,
YSCO737,YTC,737,Sheffield - Doncaster Sheffield Aiprort,,3,,,
YSCO751,FSY,751,Upperthorpe - Tapton School,,3,,,
YSCO779,FSY,779,Wincobank - Notre Dame School,,3,,,
YSCO780,FSY,780,Wadsley - Notre Dame School,,3,,,
YSCO783,FSY,783,Bents Green - Ecclesfield,,3,,,
YSCO785,FSY,785,Notre Dame School - Shirecliffe,,3,,,
YSCO792,LIN,792,Sothall - Norfolk Park,,3,,,
YSCP000,POW,PSS,Rotherham - Parkgate Retail World,,3,,,
YSCS001,YTC,SL1,Middlewood Park & Ride - Stocksbridge (Circle),,3,,,
YSCX003,FSY,X3,Sheffield - Woodlaithes,,3,,,
YSCX019,YTC,X19,Barnsley - Doncaster,,3,,,
YSCX078,FSY,X78,Doncaster - Sheffield,,3,,,
YSCY000,STM,YELL,Meadowhall - Middlewood,,,,,
YSDA001,FSY,AM1,Rossington - Doncaster,,3,,,
YSDO006,TML,6,Millhouses - Darnall,,3,,,
YSDO010,SCT,10,Manor Park - Heeley - Upperthorpe - Sheffield (Circle),,3,,,
YSDO018,POW,18,Doncaster - Dinnington,,3,,,
YSDO019,LRC,19,Worksop - Rotherham,,3,,,
YSDO023A,YTG,23a,Barnsley - Ingbirchworth,,3,,,
YSDO028,YTC,28,Barnsley - Pontefract,,3,,,
YSDO030,TML,30,Sheffield - Crystal Peaks,,3,,,
YSDO035,FSY,35,Sheffield - Meadowhall,,3,,,
YSDO036,WAT,36,South Elmsall - Barnsley,,3,,,
YSDO043,YTC,43,Barnsley - Pogmoor Kingstone (Circle),,3,,,
YSDO044,YTC,44,Pogmoor - Kingstone - Barnsley (Circle),,3,,,
YSDO050,SYC,50,Sheffield - Chesterfield,,3,,,
YSDO051,FSY,51,Doncaster - Instoneville,,3,,,
YSDO056,FSY,56,Herdings - Wybourn (Circle),,3,,,
YSDO057A,TML,57a,Hillsborough - Worrall,,3,,,
YSDO081,FSY,81,Doncaster - Armthorpe (Circle) (Circle),,3,,,
YSDO086,YTC,86,Chapeltown - Lowedges,,3,,,
YSDO088,YTC,88,Smithy Wood - Bents Green,,3,,,
YSDO098,LRC,98,Gainsborough - Doncaster,,3,,,
YSDO203,YTG,203,Doncaster - Wombwell,,3,,,
YSDO218,TML,218,Sheffield - Bakewell,,3,,,
YSDO227,TML,227,Rotherham - Hoyland,,3,,,
YSDO257,SPC,257,Holmfirth - Stocksbridge,,3,,,
YSDO268,SCT,268,Hillsborough - Wharncliffe Side,,3,,,
YSDO271,HUL,271,Sheffield - Castleton,,3,,,
YSDO272,TML,272,Sheffield - Castleton,,3,,,
YSDO273,TML,273,Sheffield - Castleton,,3,,,
YSDO350,SPC,350,Holmfirth - Penistone,,3,,,
YSDO408,WRAY,408,Doncaster - Pontefract,,3,,,
YSDO409,YTC,409,Wortley - Penistone,,3,,,
YSDO416,GLC,416,Barugh Green - Penistone Grammar School,,3,,,
YSDO419,FSY,419,Balby - Balby Carr,,3,,,
YSDO449,POW,449,Thurnscoe - Netherwood Alc,,3,,,
YSDO457,POW,457,Stainforth - Hatfield Woodhouse,,3,,,
YSDO479,PHT,479,Kendray - Kingstone,,3,,,
YSDO614,FSY,614,Rotherham - Stag (Circle) (Circle),,3,,,
YSDO637,POW,637,Thurcroft - Wales High School,,3,,,
YSDO638,LRC,638,Wales - Thurcroft,,3,,,
YSDO665,MTL,665,Wath upon Dearne - Thurnscoe,,3,,,
YSDO671,LIN,671,Aughton - Treeton,,3,,,
YSDO698,BKS,698,Kimberworth - Blackburn,,3,,,
YSDO723,FSY,723,Heeley - Newfield School,,3,,,
YSDO760,POW,760,Loxley - Dungworth,,3,,,
YSDO761,POW,761,Ughill - Dungworth,,3,,,
YSDO765,FSY,765,Grenoside - Bradfield School,,3,,,
YSDO766,CTP,766,Wharncliffe Side - Worrall,,3,,,
YSDO791,HEA,791,Norfolk Park - Wincobank,,3,,,
YSEO008A,FSY,8a,Doncaster - Moorends,,3,,,
YSEO021,LRC,21,Worksop - Doncaster,,3,,,
YSEO022,YTC,22,Barnsley - Penistone,,3,,,
YSEO026,TML,26,Crystal Peaks - Thorpe Salvin (Circle),,3,,,
YSEO028,FSY,28,Rotherham - Dinnington,,3,,,
YSEO030,YTC,30,Pontefract - Barnsley,,3,,,
YSEO031A,SCT,31a,Sheffield - Loxley,,3,,,
YSEO036,FSY,36,Sheffield - Kimberworth (Circle) (Circle),,3,,,
YSEO038,FSY,38,Hillsborough - Meadowhall,,3,,,
YSEO041,FSY,41,Doncaster - Scawsby (Circle),,3,,,
YSEO055,TML,55,Frecheville - Crystal Peaks - Plumbley,,3,,,
YSEO061,TML,61,Sheffield - Hillsborough - Loxley - Bradfield (Circle),,3,,,
YSEO062,TML,62,Sheffield - Bradfield - Loxley (Circle),,3,,,
YSEO071,SYC,71,Chesterfield - Sheffield,,3,,,
YSEO072A,YTG,72a,Chapeltown - Manvers,,3,,,
YSEO074,GJH,74,Clowne - Crystal Peaks,,3,,,
YSEO083,YTC,83,Ecclesfield - Fulwood,,3,,,
YSEO087,POW,87,Meadowhall - Maltby,,3,,,
YSEO097,BBC,97,Darton - Wakefield,,3,,,
YSEO128,POW,128,Killamarsh - Eckington School,,3,,,
YSEO181,FSY,181,Dore - Sheffield,,3,,,
YSEO201,YTC,201,Chapeltown - Stocksbridge,,3,,,
YSEO252,TML,252,Sheffield - Eckington - Crystal Peaks,,3,,,
YSEO271,FSY,271,Sheffield - Castleton,,3,,,
YSEO319,DCT,319,Doncaster - Austerfield,,3,,,
YSEO406,POW,406,Dearne Alc - Thurnscoe West,,3,,,
YSEO455,FSY,455,Rossington - Mcauley School,,3,,,
YSEO457,FSY,457,Hallcross - Doncaster,,3,,,
YSEO466,FSY,466,Beckett Rd - Mcauley School,,3,,,
YSEO482,PHT,482,Birdwell - Barnsley Academy,,3,,,
YSEO485,YTC,485,Barnsley Eastfield Arms - Darton High School,,3,,,
YSEO638,POW,638,Thurcroft - Wales,,3,,,
YSEO664,PHT,664,Low Valley - St Pius X Catholic School,,3,,,
YSEO682,POW,682,Mosborough - Moorgate,,3,,,
YSEO689,WBH,689,"Retford Bus Station - Cantley, Mcauley School",,3,,,
YSEP001,CAM,PS1,Gleadless - Dronfield,,3,,,
YSFM017,HUL,M17,Dore - Bradway - Jordanthorpe,,3,,,
YSFO008A,YTC,8a,Rotherham - Rawmarsh (Circle),,3,,,
YSFO019,FSY,19,Doncaster - Weston Rd,,3,,,
YSFO032,TML,32,Sheffield - Firth Park,,3,,,
YSFO083,FSY,83,Ecclesfield - Bents Green,,3,,,
YSFO085,TML,85,Sheffield - High Green,,3,,,
YSFO092,YTG,92,Barnsley - Cawthorne,,3,,,
YSFO274,HUL,274,Sheffield - Castleton,,3,,,
YSFO352,LIN,352,Quarry Hill - Eckington School,,3,,,
YSFO401,YTG,401,Barnsley - Ingbirchworth,,3,,,
YSFO447,POW,447,Braithwaite - Campsall,,3,,,
YSFO458,POW,458,Lindholme - Hatfield Woodhouse,,3,,,
YSFO471,WRAY,471,Darton High School - Barnsley,,3,,,
YSFO481,FSY,481,Edenthorpe - Mcauley School,,3,,,
YSFO482,FSY,482,Doncaster - Mcauley School,,3,,,
YSFO491,LLT,491,Micklebring - Tickhill,,3,,,
YSFO662,MTL,662,Elsecar - Wath,,3,,,
YSFO663,MTL,663,Wath - Rawmarsh,,3,,,
YSFO664,ULC,664,Saint Pius X School - Low Valley,,3,,,
YSFO777,HEA,777,Ecclesfield - Stocksbridge,,3,,,
YSGO010,TML,10,Rotherham - Maltby,,3,,,
YSGO019,FSY,19,Sheffield - Chancet Wood,,3,,,
YSGO023,YTG,23,Barnsley - Ingbirchworth,,3,,,
YSGO031A,TML,31a,Rotherham - Catcliffe,,3,,,
YSGO032,SCT,32,Sheffield - Firth Park,,3,,,
YSGO038,WAT,38,Barnsley - Grimethorpe (Circle),,3,,,
YSGO043,SYC,43,Sheffield - Chesterfield,,3,,,
YSGO066,YTC,66,Barnsley - Elsecar (Circle),,3,,,
YSGO074,TML,74,Sheffield - Harthill,,3,,,
YSGO096,BBC,96,Barnsley - Wakefield,,3,,,
YSGO129,POW,129,Killamarsh - Eckington,,3,,,
YSGO274,TML,274,Sheffield - Castleton,,3,,,
YSGO412,YTC,412,Barnsley - Penistone Grammar,,3,,,
YSGO478,ULC,478,Smithies - Kingstone,,3,,,
YSGO481,ULC,481,Pogmoor - Barnsley Academy,,3,,,
YSGO483,GLC,483,Higham - Darton College,,3,,,
YSGO619,WRAY,619,Sutton - Campsall,,3,,,
YSGO630,FSY,630,Thrybergh - Maltby,,3,,,
YSGO668,MTL,668,Thurnscoe - Wath,,3,,,
YSGO688,WBH,688,"Ordsall, High Street - Cantley, Mcauley School",,3,,,
YSGO690,LLT,690,Nether Haugh - Wentworth,,3,,,
YSHO001,YTC,1,Barnsley - Staincross (Circle),,3,,,
YSHO002,YTC,2,Sheffield - Barnsley,,3,,,
YSHO003,FSY,3,Nether Edge - Meadowhall,,3,,,
YSHO009,YTC,9,Rotherham - Rawmarsh (Circle) (Circle),,3,,,
YSHO020,TML,20,Rotherham - Dinnington,,3,,,
YSHO022,LRC,22,Doncaster - Worksop,,3,,,
YSHO023,FSY,23,Rotherham - Brinsworth (Circle) (Circle),,3,,,
YSHO024,FSY,24,Woodhouse - Bradway,,3,,,
YSHO027,LRC,27,Oaks High School - Bawtry,,3,,,
YSHO037,WAT,37,Barnsley - Hemsworth (Circle),,3,,,
YSHO041,FSY,41,Dyke Vale Road - Sheffield (Circle) (Circle),,3,,,
YSHO056,FSY,56,Doncaster - Rossington (Circle),,3,,,
YSHO057,YTC,57,Sheffield - Stocksbridge,,3,,,
YSHO066,TML,66,Rotherham - High Green,,3,,,
YSHO123,ASH,123,Killamarsh - Eckington School,,3,,,
YSHO412,WRAY,412,Pontefract - Doncaster,,3,,,
YSHO496,FSY,496,Doncaster - Redhouse Ind Est,,3,,,
YSHX030,TML,X30,Sheffield - Beighton - Crystal Peaks,,3,,,
YSIO001,YTC,1,High Green - Batemoor,,3,,,
YSIO027,YTC,27,Barnsley - Wombwell,,3,,,
YSIO029,FSY,29,Rotherham - Todwick,,3,,,
YSIO031,TML,31,Rotherham - Meadowhall,,3,,,
YSIO044,SYC,44,Sheffield - Chesterfield,,3,,,
YSIO052,YTC,52,Woodhouse - Hillsborough,,3,,,
YSIO065,HPK,65,Buxton - Tideswell - Sheffield,,3,,,
YSIO073,GJH,73,Clowne - Crystal Peaks,,3,,,
YSIO074,FSY,74,Rotherham - Sheffield,,3,,,
YSIO410,YTC,410,Barnsley - Penistone Grammar,,3,,,
YSJO004,TML,4,Sheffield - Bents Green,,3,,,
YSJO007,YTC,7,Crystal Peaks - Ecclesfield,,3,,,
YSJO008,FSY,8,Ecclesfield - Crystal Peaks,,3,,,
YSJO013,FSY,13,Rotherham - Bramley (Circle) (Circle),,3,,,
YSJO018,FSY,18,Sheffield - Meadowhall,,3,,,
YSJO025,LRC,25,Worksop - Doncaster,,3,,,
YSJO031,YTC,31,Sheffield - Loxley,,3,,,
YSJO044,YTC,44,Rotherham - Chapeltown,,3,,,
YSJO070,YTC,70,Doncaster P&R - Doncaster P&R (Circle),,3,,,
YSJO073,FSY,73,Doncaster - Lakeside (Circle),,3,,,
YSJO408,YTC,408,Barnsley - Penistone Grammar Sch,,3,,,
YSKO004,POW,4,Rotherham - Ravenfield Common,,3,,,
YSKO007,YTG,7,Barnsley - Hoyland,,3,,,
YSKO024,YTG,24,Barnsley - Ingbirchworth,,3,,,
YSKO025,YTC,25,Woodhouse - Bradway,,3,,,
YSKO031,SCT,31,Sheffield - Loxley,,3,,,
YSKO053,LRC,53,Sheffield - Mansfield,,3,,,
YSKO070,SYC,70,Chesterfield - Sheffield,,3,,,
YSKO072,FSY,72,Doncaster - Lakeside (Circle),,3,,,
YSKO073,FSY,73,Rotherham - Sheffield,,3,,,
YSKO422,YTC,422,Barnsley - Penistone Grammar,,3,,,
YSKO451,GLC,451,Darton - Holy Trinity School,,3,,,
YSLO004,TML,4,Bramley - Rotherham,,3,,,
YSLO029,LRC,29,Retford - Doncaster,,3,,,
YSLO072,FSY,72,Meadowhall - Sheffield,,3,,,
YSLO491,YTG,491,Barnsley - Ingbirchworth,,3,,,
YSMO008,FSY,8,Doncaster - Moorends,,3,,,
YSMO029,TML,29,Sheffield - Holmfirth,,3,,,
YSMO491,TML,491,Millhouses Green - Dunford Bridge,,3,,,
YSNO008,YTC,8,Rotherham - Rawmarsh (Circle),,3,,,
YSNO025,SPC,25,Penistone Local Link (Circle),,3,,,
YSNO420,YTC,420,Mapplewell - Penistone Grammar,,3,,,
YSOO072,YTG,72,Chapeltown - Manvers,,3,,,
YSPO072,SYC,72,Chesterfield - Sheffield,,3,,,
YWAA099,YRB,A99,Bradford University - Bradford Uni Management Ctr,,3,,,
YWAB001,KDT,B1,Keighley - Stanbury,,3,,,
YWAB002,KDT,B2,Keighley - Oakworth,,3,,,
YWAB003,KDT,B3,Keighley - Hebden Bridge,,3,,,
YWAC068,HABC,C68,Sainsbury's - Halifax Circular,,3,,,
YWAD0TBB,YTG,DTB,Dewsbury Free Town Bus - Circular,,3,,,
YWAE003,HABC,E3,Greetland - Grasmere Drive,,3,,,
YWAE005,HABC,E5,Elland - Jagger Green Circular,,3,,,
YWAE007,HABC,E7,Greetland - Brighouse,,3,,,
YWAF0LXX,TLC,FLX,Hebden Bridge Railway Stn - Hebden Bridge Hope St,,3,,,
YWAF0TBB,TEDE,FTB,Huddersfield Free Town Bus Circular,,3,,,
YWAH001,STCO,H1,Holmfirth - Wooldale Circular,,3,,,
YWAH002,STCO,H2,Holmfirth - Scholes Circular,,3,,,
YWAH003,STCO,H3,Holmfirth - Upperthong Circular,,3,,,
YWAH004,STCO,H4,Holmfirth - Brockholes Circular,,3,,,
YWAH005,STCO,H5,Netherthong - Holmbridge Circular,,3,,,
YWAH006,STCO,H6,Holmfirth - Brockholes Circular,,3,,,
YWAH007,STCO,H7,Holmfirth - Hepworth,,3,,,
YWAK001,KDT,K1,Keighley - Laycock,,3,,,
YWAK002,KDT,K2,Keighley - Braithwaite Circular,,3,,,
YWAK003,KDT,K3,Keighley - Braithwaite Circular,,3,,,
YWAK005,KDT,K5,Keighley - Thwaites Brow,,3,,,
YWAK006,KDT,K6,Keighley - Fell Lane Circular,,3,,,
YWAK007,KDT,K7,Keighley - Oakworth,,3,,,
YWAK008,KDT,K8,Keighley Bus Station - Keighley Asda Circular,,3,,,
YWAK009,KDT,K9,Keighley - Bracken Bank Circular,,3,,,
YWAK010,KDT,K10,Keighley - Leeming,,3,,,
YWAM000,YRB,M,Sticker Lane - Morrisons Circular,,3,,,
YWAM004,BP,M4,Keighley - Burnley,,3,,,
YWAM0L1,TLC,ML1,Firthcliffe - Heckmondwike Circular,,3,,,
YWAM0L2,TLC,ML2,Dewsbury Moor - Shaw Cross,,3,,,
YWAN00CC,FCH,NC,Huddersfield Bus Station,,3,,,
YWAN010,WRAY,N10,Wakefield - Leeds,,3,,,
YWAO001,FL,1,Beeston - Holt Park,,3,,,
YWAO001A,FL,1A,Leeds - West Park,,3,,,
YWAO002,FL,2,Middleton - Roundhay Park,,3,,,
YWAO003,FL,3,White Rose Centre - Harehills,,3,,,
YWAO003A,FL,3A,White Rose Centre - Harehills,,3,,,
YWAO004,FL,4,Pudsey - Seacroft,,3,,,
YWAO004G,FL,4G,Seacroft Bus Station - Pudsey,,3,,,
YWAO005,FL,5,Halton Moor - Leeds Circular,,3,,,
YWAO005A,FY,5A,Strensall - Acomb,,3,,,
YWAO006,FY,6,Clifton Moor - University of York,,3,,,
YWAO007,FY,7,York Designer Outlet Park and Ride - York Circular,,3,,,
YWAO007A,FL,7A,Leeds - Alwoodley Avenue,,3,,,
YWAO007S,FL,7S,Leeds - Shadwell,,3,,,
YWAO008,FY,8,Grimston Bar Park and Ride - York Circular,,3,,,
YWAO008A,HG,8A,Thorpe Park - Pudsey,,3,,,
YWAO008B,HG,8B,Thorpe Park - Horsforth,,3,,,
YWAO009,FL,9,White Rose Centre - Horsforth,,3,,,
YWAO009A,FL,9A,Seacroft - Horsforth,,3,,,
YWAO010,FY,10,Nether Poppleton - Stamford Bridge,,3,,,
YWAO010A,FY,10A,Nether Poppleton - Stamford Bridge,,3,,,
YWAO011,FY,11,Ashley Park - Bishopthorpe,,3,,,
YWAO011E,FL,11E,Pudsey - Leeds,,3,,,
YWAO012,FL,12,White Rose Shopping Centre - Roundhay,,3,,,
YWAO013,FL,13,Middleton - Brackenwood,,3,,,
YWAO013A,FL,13A,Middleton - Gledhow,,3,,,
YWAO014,FL,14,Pudsey Owlcotes Centre - Leeds,,3,,,
YWAO015,FL,15,Old Farnley - East End Park,,3,,,
YWAO016,FL,16,Whinmoor - Pudsey,,3,,,
YWAO016A,FL,16A,Whinmoor - Pudsey,,3,,,
YWAO019,FL,19,Ireland Wood - Garforth,,3,,,
YWAO019A,FL,19A,Tinshill - Garforth,,3,,,
YWAO019M,RMS,19M,Clifton Moor - York,,3,,,
YWAO020,YTG,20,Halifax - Rye Lane,,3,,,
YWAO020A,YTG,20A,Halifax - Wainstalls,,3,,,
YWAO021,HG,21,York - Colton,,3,,,
YWAO022,SQU,22,Rothwell - Seacroft,,3,,,
YWAO023,TEDE,23,Halifax - Fountainhead Village,,3,,,
YWAO024,WRAY,24,York - Ascot Way,,3,,,
YWAO025,WRAY,25,Fulford - Derwenthorpe,,3,,,
YWAO026,WRAY,26,Fulford - South Bank,,3,,,
YWAO028,FL,28,Leeds Dock - Adel,,3,,,
YWAO029,FL,29,Student Village - Headingley Campus,,3,,,
YWAO030,TOR,30,Horsforth - Pudsey,,3,,,
YWAO031,TOR,31,Horsforth - Holt Park Circular,,3,,,
YWAO032,TOR,32,Horsforth - Holt Park,,3,,,
YWAO033,FL,33,Leeds - Otley,,3,,,
YWAO033A,FL,33A,Leeds - Otley,,3,,,
YWAO034,YTG,34,Leeds Trinity University - Horsforth Circular,,3,,,
YWAO036,HDT,36,Leeds - Ripon,,3,,,
YWAO038,FL,38,White Rose Centre - Gledhow,,3,,,
YWAO039,CTP,39,Pontefract - Hemsworth,,3,,,
YWAO040,FL,40,Leeds - Seacroft,,3,,,
YWAO042,FL,42,Old Farnley - Fearnville,,3,,,
YWAO047,FL,47,Leeds - White Rose Centre,,3,,,
YWAO048,FL,48,Wigton Moor - Morley,,3,,,
YWAO048A,FL,48A,White Rose Shopping Centre - Leeds,,3,,,
YWAO049,FL,49,Monkswood Gate - Bramley,,3,,,
YWAO050,FL,50,Seacroft - Horsforth,,3,,,
YWAO050A,FL,50A,Seacroft - Horsforth,,3,,,
YWAO051,FL,51,Moor Allerton - Morley,,3,,,
YWAO052,FL,52,Moor Allerton - Morley,,3,,,
YWAO054,FL,54,Leeds - Batley,,3,,,
YWAO055,FL,55,Leeds - Parkwood,,3,,,
YWAO055C,FL,55C,Leeds - Cottingley Circular,,3,,,
YWAO056,FL,56,Whinmoor - Moor Grange,,3,,,
YWAO059,FY,59,Poppleton Park & Ride - York City Centre Circular,,3,,,
YWAO060,KDT,60,Keighley - Leeds,,3,,,
YWAO061,FL,61,St. James Hospital - John Charles Approach,,3,,,
YWAO061A,FL,61A,St. James Hospital - Hunslet,,3,,,
YWAO062,KDT,62,Keighley - Otley,,3,,,
YWAO064,FL,64,Leeds - Aberford,,3,,,
YWAO065,FL,65,Leeds - Gildersome,,3,,,
YWAO066,KDT,66,Skipton - Keighley,,3,,,
YWAO066X,FY,66X,York City Centre - Grimston Bar Park & Ride,,3,,,
YWAO067,KDT,67,Bradford - Keighley,,3,,,
YWAO068,KDT,68,Bradford - Keighley,,3,,,
YWAO069,KDT,69,Bradford - Oxenhope,,3,,,
YWAO070,FL,70,Leeds Dock Circular,,3,,,
YWAO071,NYC,71,Low Bradley - Steeton & Silsden Rail Station,,3,,,
YWAO072,FL,72,Bradford - Leeds,,3,,,
YWAO074,FL,74,Leeds - Middleton,,3,,,
YWAO074A,NYC,74A,Hebden - Ilkley,,3,,,
YWAO075,FL,75,Leeds - Middleton,,3,,,
YWAO078,YTG,78,Halifax - Brighouse,,3,,,
YWAO078A,NYC,78A,Skipton - Airedale Hospital,,3,,,
YWAO080,SQU,80,Old Farnley - Pudsey Owlcotes Centre,,3,,,
YWAO081,YTG,81,Huddersfield - Clayton West,,3,,,
YWAO081A,YTG,81A,Huddersfield - Clayton West,,3,,,
YWAO082,YTG,82,Huddersfield - Denby Dale,,3,,,
YWAO083,YTG,83,Denby Dale - Huddersfield,,3,,,
YWAO083X,YTG,83X,Gilthwaites Estate - Huddersfield,,3,,,
YWAO085,YTG,85,Huddersfield - Lepton,,3,,,
YWAO085A,YTG,85A,Huddersfield - Houses Hill,,3,,,
YWAO086,FL,86,Rodley - Middleton,,3,,,
YWAO086A,FL,86A,Bramley - St. James' Hospital,,3,,,
YWAO091,FL,91,Pudsey - Halton Moor,,3,,,
YWAO097,FL,97,Leeds - Guiseley,,3,,,
YWAO100,WRAY,100,Eastmoor - Wakefield,,3,,,
YWAO101,WRAY,101,Wakefield - Wrenthorpe,,3,,,
YWAO102,WRAY,102,Eastmoor - Healey,,3,,,
YWAO103,WRAY,103,Wakefield - Wakefield 41 Industrial Estate,,3,,,
YWAO104,WRAY,104,Eastmoor - Alverthorpe,,3,,,
YWAO105,WRAY,105,Portobello - Peacock Estate,,3,,,
YWAO107,WRAY,107,Wakefield - Hall Green,,3,,,
YWAO108,WRAY,108,Wakefield - Hall Green,,3,,,
YWAO109,WRAY,109,Wakefield - Hall Green,,3,,,
YWAO110,WRAY,110,Hall Green - Leeds,,3,,,
YWAO110S,WRAY,110S,Hall Green - Wakefield,,3,,,
YWAO111,WRAY,111,Wakefield - Pinderfields Hospital,,3,,,
YWAO112,WRAY,112,Kirkhamgate - Wakefield,,3,,,
YWAO113,CTP,113,Pontefract Hospital - Dewsbury Hospital,,3,,,
YWAO116,STN,116,Wakefield - Ossett,,3,,,
YWAO117,WRAY,117,Wakefield - Leeds,,3,,,
YWAO119,WRAY,119,Wakefield - Batley,,3,,,
YWAO120,WRAY,120,Wakefield - Batley,,3,,,
YWAO125,ROTR,125,Pontefract - Wakefield,,3,,,
YWAO126,WRAY,126,Wakefield - Dewsbury,,3,,,
YWAO127,WRAY,127,Wakefield - Dewsbury,,3,,,
YWAO128,WRAY,128,Wakefield - Dewsbury,,3,,,
YWAO130,WRAY,130,Wakefield - Dewsbury,,3,,,
YWAO134,WRAY,134,Castleford - Junction 32 Outlet Village Circular,,3,,,
YWAO144,ROTR,144,Castleford - Pontefract,,3,,,
YWAO146,ROTR,146,Wakefield - Pontefract,,3,,,
YWAO147,WRAY,147,Wakefield - Pontefract,,3,,,
YWAO148,WRAY,148,Wakefield - Knottingley,,3,,,
YWAO148A,WRAY,148A,Wakefield - Knottingley,,3,,,
YWAO149,WRAY,149,Wakefield - Knottingley,,3,,,
YWAO153,BND,153,Rothwell - Castleford,,3,,,
YWAO154,BND,154,Westerton Frosts Corner - Oulton,,3,,,
YWAO156,WRAY,156,Castleford - Ferry Fryston Circular,,3,,,
YWAO157,WRAY,157,Wakefield - Pontefract,,3,,,
YWAO159,WRAY,159,Castleford - Ferry Fryston Circular,,3,,,
YWAO163,WRAY,163,Castleford - Leeds,,3,,,
YWAO166,WRAY,166,Castleford - Leeds,,3,,,
YWAO167,WRAY,167,Castleford - Leeds,,3,,,
YWAO168,WRAY,168,Castleford - Leeds,,3,,,
YWAO173A,WRAY,173A,Wakefield - Wetherby,,3,,,
YWAO174,WRAY,174,Wakefield - Wetherby,,3,,,
YWAO174A,WRAY,174A,Wakefield - Wetherby,,3,,,
YWAO175,WRAY,175,Wakefield - Castleford,,3,,,
YWAO175A,WRAY,175A,Wakefield - Garforth,,3,,,
YWAO177,WRAY,177,Castleford - Pontefract,,3,,,
YWAO181,FCH,181,Wilberlee - Huddersfield,,3,,,
YWAO183,FCH,183,Marsden Hard End - Huddersfield,,3,,,
YWAO184,WRAY,184,Castleford - Pontefract,,3,,,
YWAO185,FCH,185,Marsden Dirker - Huddersfield,,3,,,
YWAO186,FCH,186,Marsden Dirker - Huddersfield,,3,,,
YWAO187,WRAY,187,Wakefield - Pontefract,,3,,,
YWAO188,WRAY,188,Wakefield - Knottingley,,3,,,
YWAO189,WRAY,189,Wakefield - Leeds,,3,,,
YWAO195,WRAY,195,Wakefield - Hemsworth,,3,,,
YWAO196,WRAY,196,Wakefield - Newstead,,3,,,
YWAO197,WAT,197,Hemsworth - Ryhill,,3,,,
YWAO200,FCH,200,Huddersfield - Old Fieldhouse Lane,,3,,,
YWAO202,WRAY,202,Leeds - Huddersfield,,3,,,
YWAO203,WRAY,203,Leeds - Huddersfield,,3,,,
YWAO205,WRAY,205,Dewsbury - Pudsey,,3,,,
YWAO209,WRAY,209,Heckmondwike - Leeds,,3,,,
YWAO212,WRAY,212,Dewsbury - Wakefield,,3,,,
YWAO212A,WRAY,212A,Dewsbury - Wakefield,,3,,,
YWAO213,WRAY,213,Dewsbury - Batley,,3,,,
YWAO214,WRAY,214,Birstall Retail Park - White Rose Centre,,3,,,
YWAO217,WRAY,217,Overton - Leeds,,3,,,
YWAO220,WRAY,220,Huddersfield - Leeds,,3,,,
YWAO221,WRAY,221,Mirfield - Leeds,,3,,,
YWAO222,WRAY,222,Heckmondwike - Leeds,,3,,,
YWAO223,BLTR,223,Wakefield - South Elmsall,,3,,,
YWAO225,WRAY,225,Brighouse - Hartshead,,3,,,
YWAO226,SPC,226,Halifax - Norwood Green,,3,,,
YWAO229,WRAY,229,Huddersfield - Leeds,,3,,,
YWAO231,FCH,231,Huddersfield - Wakefield,,3,,,
YWAO232,FCH,232,Huddersfield - Wakefield,,3,,,
YWAO249,BLTR,249,Upton - Pontefract,,3,,,
YWAO252,WRAY,252,Dewsbury - Leeds,,3,,,
YWAO253,WRAY,253,Dewsbury - Bradford,,3,,,
YWAO254,WRAY,254,Dewsbury - Leeds,,3,,,
YWAO255,WRAY,255,Halifax - Leeds,,3,,,
YWAO256,WRAY,256,Brighouse - Bradford,,3,,,
YWAO257,HABC,257,Brighouse - Elland,,3,,,
YWAO258,HABC,258,Brighouse - Elland,,3,,,
YWAO259,TLC,259,Brighouse - East Bierley,,3,,,
YWAO262,YTG,262,Huddersfield - Brighouse,,3,,,
YWAO268,WRAY,268,Dewsbury - Bradford,,3,,,
YWAO268A,WRAY,268A,Wakefield - Bradford,,3,,,
YWAO280,WRAY,280,Dewsbury - Thornhill,,3,,,
YWAO281,WRAY,281,Birstall Retail Park - Dewsbury,,3,,,
YWAO283,WRAY,283,Bradford - Dewsbury,,3,,,
YWAO286,SPC,286,Holmfirth - Huddersfield,,3,,,
YWAO301,FCH,301,Huddersfield - Golcar Circular,,3,,,
YWAO302,FCH,302,Huddersfield - Golcar Circular,,3,,,
YWAO303,TLC,303,Huddersfield - Scapegoat Hill,,3,,,
YWAO304,TLC,304,Huddersfield - Scapegoat Hill,,3,,,
YWAO306,FCH,306,Huddersfield - Taylor Hill Circular,,3,,,
YWAO307,FCH,307,Huddersfield - Cross Lane Circular,,3,,,
YWAO308,FCH,308,Huddersfield - Holmfirth,,3,,,
YWAO309,SPC,309,Honley - Holmfirth,,3,,,
YWAO310,FCH,310,Hepworth - Huddersfield,,3,,,
YWAO314,FCH,314,Holme - Huddersfield,,3,,,
YWAO315,YTG,315,Honley - Huddersfield,,3,,,
YWAO316,FCH,316,Parkhead - Huddersfield,,3,,,
YWAO317,TLC,317,Almondbury - Lindley,,3,,,
YWAO319,YTG,319,Huddersfield - Berry Brow Circular,,3,,,
YWAO321,TEDE,321,Huddersfield - Meltham Broadlands,,3,,,
YWAO323,FCH,323,Huddersfield - Marten Nest,,3,,,
YWAO324,FCH,324,Huddersfield - Meltham,,3,,,
YWAO327,FCH,327,Huddersfield - Bradley Boulevard Circular,,3,,,
YWAO328,FCH,328,Balmoral Avenue - Bradley,,3,,,
YWAO335,STCO,335,Wilberlee - Holmfirth,,3,,,
YWAO341,TLC,341,Huddersfield - Stocksmoor,,3,,,
YWAO341A,TLC,341A,Huddersfield - Almondbury,,3,,,
YWAO342,FCH,342,Huddersfield - Almondbury Circular,,3,,,
YWAO343,TEDE,343,Huddersfield - Halifax,,3,,,
YWAO349,SPC,349,Halifax - Asda Brackenhall Circular,,3,,,
YWAO351,SPC,351,Holmfirth - Glossop,,3,,,
YWAO352,SPC,352,Holmfirth - Uppermill,,3,,,
YWAO354,TLC,354,Huddersfield - South Crosland,,3,,,
YWAO355,TLC,355,Huddersfield - South Crosland,,3,,,
YWAO356,FCH,356,Huddersfield - Longwood,,3,,,
YWAO358,FCH,358,Huddersfield - Ashenhurst Circular,,3,,,
YWAO360,YTG,360,Hudderfield Royal Infirmary - Deighton,,3,,,
YWAO363,FCH,363,Huddersfield - Bradford,,3,,,
YWAO370,FCH,370,Rawthorpe - Lindley,,3,,,
YWAO371,FCH,371,Kirkheaton - Lindley,,3,,,
YWAO372,FCH,372,Almondbury - Lindley,,3,,,
YWAO373,FCH,373,Huddersfield Westgate - Huddersfield New College,,3,,,
YWAO374,TLC,374,Huddersfield - Dalton Circular,,3,,,
YWAO375,TLC,375,Huddersfield - Woodedge Ave Circular,,3,,,
YWAO377,TLC,377,Huddersfield - Mount,,3,,,
YWAO378,TLC,378,Huddersfield - Mount,,3,,,
YWAO384,STCO,384,Huddersfield - Asda Circular,,3,,,
YWAO385,STCO,385,Huddersfield - Asda Circular,,3,,,
YWAO387,FCH,387,Huddersfield - Beaumont Park Circular,,3,,,
YWAO388,STCO,388,Huddersfield Royal Infirmary - Meltham,,3,,,
YWAO389,STCO,389,Meltham - Wilberlee,,3,,,
YWAO393,STCO,393,Huddersfield - Blackmoorfoot,,3,,,
YWAO394,STCO,394,Huddersfield - Slaithwaite,,3,,,
YWAO395,STCO,395,Huddersfield - Slaithwaite,,3,,,
YWAO396,TLC,396,Huddersfield - Wilberlee,,3,,,
YWAO397,FCH,397,Huddersfield University - Ashenhurst Circular,,3,,,
YWAO399,FCH,399,Huddersfield University - Storthes Hall Park,,3,,,
YWAO402,WRAY,402,Selby - Leeds,,3,,,
YWAO403,WRAY,403,Selby - Leeds,,3,,,
YWAO406,ST,406,Pontefract - Knottingley,,3,,,
YWAO407,ST,407,Darrington - Pontefract,,3,,,
YWAO410,WRAY,410,Leeds - Chequerfield,,3,,,
YWAO411,WRAY,411,Castleford - Chequerfield,,3,,,
YWAO412,HG,412,York - Wetherby,,3,,,
YWAO420,BLTR,420,Cridling Stubbs - Pontefract Morrisons,,3,,,
YWAO425,WRAY,425,Wakefield - Bradford,,3,,,
YWAO427,WRAY,427,Wakefield - Bradford,,3,,,
YWAO435,YTG,435,Wakefield - Holmfirth,,3,,,
YWAO436,YTG,436,Wakefield - Holmfirth,,3,,,
YWAO437,YTG,437,Wakefield - Holmfirth,,3,,,
YWAO444,WRAY,444,Leeds - Wakefield,,3,,,
YWAO446,WRAY,446,Leeds - Wakefield,,3,,,
YWAO465,ROST,465,Todmorden - Bacup,,3,,,
YWAO466,ROST,466,Todmorden - Rawtenstall,,3,,,
YWAO476,WRAY,476,Selby - Pontefract,,3,,,
YWAO481,WRAY,481,Leeds - Wakefield,,3,,,
YWAO485,WRAY,485,Wakefield - South Elmsall,,3,,,
YWAO493,WRAY,493,Sherburn-In-Elmet - Pontefract,,3,,,
YWAO497,WRAY,497,Wakefield - Upton,,3,,,
YWAO499,SPM,499,Castleford - Ferry Fryston,,3,,,
YWAO500,SPM,500,Castleford - Ferry Fryston,,3,,,
YWAO501,FCH,501,Halifax - Huddersfield,,3,,,
YWAO503,FCH,503,Halifax - Huddersfield,,3,,,
YWAO504,HABC,504,Halifax - Denholme,,3,,,
YWAO508,FCH,508,Leeds - Halifax,,3,,,
YWAO510,FCH,510,Halifax - Mixenden Circular (anti-clockwise),,3,,,
YWAO512,FCH,512,Halifax - Mixenden Circular (anti-clockwise),,3,,,
YWAO514,WRAY,514,Flanshaw - Outwood,,3,,,
YWAO521,FCH,521,Halifax - Illingworth Circular,,3,,,
YWAO522,FCH,522,Halifax - Illingworth Circular,,3,,,
YWAO523,FCH,523,Halifax - Illingworth Circular,,3,,,
YWAO525,HABC,525,Halifax - Ovenden Way Circular,,3,,,
YWAO526,YTG,526,Halifax - Shelf,,3,,,
YWAO527,HABC,527,Halifax - Round Hill Circular,,3,,,
YWAO532,YTG,532,Halifax - Scar Bottom Circular,,3,,,
YWAO533,YTG,533,Halifax - Northowram Circular,,3,,,
YWAO534,YTG,534,Halifax - Northowram Circular,,3,,,
YWAO535,FCH,535,Halifax - Rye Lane Circular,,3,,,
YWAO536,YTG,536,Halifax - Huddersfield,,3,,,
YWAO537,FCH,537,Halifax - Huddersfield,,3,,,
YWAO539,FCH,539,Halifax - Stainland,,3,,,
YWAO541,FCH,541,Norton Tower - Siddal,,3,,,
YWAO542,FCH,542,Norton Tower - Siddal,,3,,,
YWAO546,YTG,546,Halifax - Warley Town Circular,,3,,,
YWAO547,YTG,547,Brighouse - Huddersfield,,3,,,
YWAO548,FCH,548,Halifax - Nunnery Lane,,3,,,
YWAO549,FCH,549,Halifax - Huddersfield,,3,,,
YWAO555,HABC,555,Halifax - Siddal Circular,,3,,,
YWAO560,FCH,560,Halifax - Commons,,3,,,
YWAO561,YTG,561,Halifax - Ripponden Circular,,3,,,
YWAO562,YTG,562,Halifax - Ripponden Circular,,3,,,
YWAO563,YTG,563,Halifax - Brighouse,,3,,,
YWAO564,HABC,564,Brighouse - Barkisland,,3,,,
YWAO571,FCH,571,Halifax - Bradford,,3,,,
YWAO574,YTG,574,Halifax - Midgley Circular,,3,,,
YWAO576,FCH,576,Halifax - Bradford,,3,,,
YWAO577,YTG,577,Halifax - Boulderclough Circular,,3,,,
YWAO579,FCH,579,Halifax - Sowerby,,3,,,
YWAO589,FCH,589,Burnley - Rochdale,,3,,,
YWAO590,FCH,590,Halifax - Rochdale,,3,,,
YWAO592,FCH,592,Halifax - Burnley,,3,,,
YWAO594,TLC,594,Hebden Bridge - Crimsworth Circular,,3,,,
YWAO595,TLC,595,Hebden Bridge - Crimsworth,,3,,,
YWAO596,TLC,596,Hebden Bridge - Blackshaw Head,,3,,,
YWAO597,TLC,597,Hebden Bridge - Nest Estate Circular,,3,,,
YWAO598,TLC,598,Hebden Bridge - Eaves Circular,,3,,,
YWAO599,TLC,599,Hebden Bridge - Old Town,,3,,,
YWAO600,HABC,600,Halifax - Nursery Lane Circular,,3,,,
YWAO605,TLC,605,Smiddles Lane - West Bowling Circular,,3,,,
YWAO606,TLC,606,Bradford - Euroway Estate,,3,,,
YWAO607,YRB,607,Bradford - Thornton,,3,,,
YWAO608,YRB,608,Bradford - Holme Wood Circular,,3,,,
YWAO610,YRB,610,Bradford - Queensbury Hungerhill,,3,,,
YWAO611,YRB,611,Bradford - Bradford Moor,,3,,,
YWAO612,WAT,612,Minsthorpe Barnsley Oak - St Wilfrids High School,,3,,,
YWAO613,YRB,613,Buttershaw - Shipley,,3,,,
YWAO614,YRB,614,Buttershaw - Shipley,,3,,,
YWAO615,YRB,615,Bradford - Eldwick,,3,,,
YWAO616,YRB,616,Bradford - Eldwick,,3,,,
YWAO617,YRB,617,Allerton - Holme Wood,,3,,,
YWAO618,YRB,618,Allerton - Holme Wood,,3,,,
YWAO619,YRB,619,Bradford - Eldwick,,3,,,
YWAO620,YRB,620,Haworth Road - Bierley Circular,,3,,,
YWAO621,YRB,621,Haworth Road - Bierley Circular,,3,,,
YWAO622,YRB,622,Bradford - Bingley,,3,,,
YWAO623,YRB,623,Bradford - Kingsway,,3,,,
YWAO624A,STN,624A,Batley - BBG Academy,,3,,,
YWAO626,YRB,626,Bradford - Baildon,,3,,,
YWAO629,TLC,629,Shipley - Morrison's Mayo Avenue,,3,,,
YWAO630,YRB,630,Bradford - Tyersal,,3,,,
YWAO633,YRB,633,Shipley - West Bowling,,3,,,
YWAO635,TLC,635,Bradford - Morrisons Mayo Avenue,,3,,,
YWAO636,YRB,636,Bradford - Clayton,,3,,,
YWAO637,YRB,637,Bradford - Clayton,,3,,,
YWAO640,YRB,640,Buttershaw - Five Lane Ends,,3,,,
YWAO641,YRB,641,Buttershaw - Five Lane Ends,,3,,,
YWAO643,TLC,643,Bradford - Buttershaw Circular,,3,,,
YWAO644,TLC,644,Bradford - Buttershaw Circular,,3,,,
YWAO645,YRB,645,Buttershaw - Greengates Circular,,3,,,
YWAO649,TLC,649,Esholt - Shipley,,3,,,
YWAO651,WRAY,651,Owl Lane Estate - Batley Girls High School,,3,,,
YWAO653,TLC,653,Bradford - Pool,,3,,,
YWAO655,TLC,655,Baildon Station - Baildon Collier Lane,,3,,,
YWAO656,TLC,656,Bradford - Baildon Lucy Hall Drive,,3,,,
YWAO658,TLC,658,Baildon Lucy Hall Drive - Bradford,,3,,,
YWAO659,TLC,659,Bradford - Baildon Lucy Hall Drive,,3,,,
YWAO660,TLC,660,Bradford - Shipley,,3,,,
YWAO662,KDT,662,Bradford - Keighley,,3,,,
YWAO670,YRB,670,Bradford - Leeds,,3,,,
YWAO675,YRB,675,Bradford - Shipley Glen,,3,,,
YWAO676,TLC,676,Bradford - Cottingley,,3,,,
YWAO677,YRB,677,Bradford - Shipley,,3,,,
YWAO678,TLC,678,Cottingley - Shipley,,3,,,
YWAO679,TLC,679,Hirst Wood - Shipley,,3,,,
YWAO680,YRB,680,Bradford - Bingley,,3,,,
YWAO681,YRB,681,Bradford - Halifax,,3,,,
YWAO682,YRB,682,Bradford - Halifax,,3,,,
YWAO686,YRB,686,Fagley - Brighouse,,3,,,
YWAO687,YRB,687,Fagley - Scholes,,3,,,
YWAO688,YRB,688,Bradford - Brighouse,,3,,,
YWAO700,HABC,700,Halifax - Illingworth Circular,,3,,,
YWAO708,TLC,708,Keighley - Riddlesden Circular,,3,,,
YWAO714,YRB,714,Bradford - Pudsey Owlcotes Centre,,3,,,
YWAO715,TLC,715,Keighley - Broomhill Circular,,3,,,
YWAO716,TLC,716,Keighley - Blackhill Circular,,3,,,
YWAO727,TLC,727,Keighley - Cullingworth,,3,,,
YWAO728,TLC,728,East Morton - Keighley,,3,,,
YWAO729,TLC,729,Keighley - Cullingworth,,3,,,
YWAO737,YTG,737,Bradford - Leeds Bradford Airport,,3,,,
YWAO747,YTG,747,Bradford - Harrogate,,3,,,
YWAO757,YTG,757,Leeds - Leeds Bradford Airport,,3,,,
YWAO761H,HG,761H,Knaresborough - Long Marston,,3,,,
YWAO780,HG,780,Knaresborough - Wetherby,,3,,,
YWAO781,YTG,781,Leeds - Otley,,3,,,
YWAO840,YCD,840,Leeds - Whitby,,3,,,
YWAO843,YCD,843,Leeds - Scarborough,,3,,,
YWAO845,YCD,845,Leeds - Bridlington,,3,,,
YWAO873,KDT,873,Ilkley - Skipton,,3,,,
YWAO874,WRAY,874,Wakefield - Buckden,,3,,,
YWAO884,KDT,884,Ilkley - Skipton,,3,,,
YWAO900,TLC,900,Huddersfield - Hebden Bridge,,3,,,
YWAO901,TLC,901,Huddersfield - Hebden Bridge,,3,,,
YWAO902,TLC,902,Huddersfield - Rishworth,,3,,,
YWAO903,JASI,903,Keighley - Silsden Circular,,3,,,
YWAO911,STCO,911,Meltham - Thurstonland  Circular,,3,,,
YWAO915,TLC,915,Keighley - Oxenhope Circular Clockwise,,3,,,
YWAO916,TLC,916,Keighley - Stanbury Circular Clockwise,,3,,,
YWAO918,TLC,918,Keighley - Oxenhope Circular Clockwise,,3,,,
YWAO923,KDT,923,Wetherby - Otley,,3,,,
YWAO933,YTG,933,Meltham Local - Circular,,3,,,
YWAO936,SPC,936,Hey Green - Marsden Junior School,,3,,,
YWAO937,SPC,937,Marsden - Honley,,3,,,
YWAO938,SPC,938,Marsden - Blackmoorfoot,,3,,,
YWAO940,WHA,940,Otley - Holt Park Circular,,3,,,
YWAO948,KDT,948,Eccleshill Park Rd - Apperley Bridge Rail Station,,3,,,
YWAO962,KDT,962,Otley - Ilkley Circular,,3,,,
YWAO963,KDT,963,Otley - Wharfedale Hospital Circular,,3,,,
YWAO964,KDT,964,Otley - Cambridge Drive Circular,,3,,,
YWAO965,KDT,965,Otley - Wharfedale Hospital Circular,,3,,,
YWAO966,KDT,966,Guiseley - Yeadon Circular,,3,,,
YWAO967,KDT,967,Menston - Leeds Bradford Airport,,3,,,
YWAP002,PCH,P2,Pontefract Stuart Rd  - Wakefield Circular,,3,,,
YWAP044,TMS,P44,Selby Rd/Wykebeck Arms - St Theresa's C P,,3,,,
YWAP0R1,FL,PR1,Leeds Park & Ride Elland Road Circular,,3,,,
YWAP0R2,FL,PR2,Temple Green Park & Ride Leeds Circular,,3,,,
YWAT001,TLC,T1,Todmorden - Cross Lee Circular,,3,,,
YWAT002,TLC,T2,Todmorden - Longfield Circular,,3,,,
YWAT003,TLC,T3,Todmorden - Highcroft Circular,,3,,,
YWAT004,TLC,T4,Todmorden - Woodhouse Grove Circular,,3,,,
YWAT006,TLC,T6,Todmorden - Walsden Circular,,3,,,
YWAT008,TLC,T8,Todmorden - Walsden Circular,,3,,,
YWAU0B1,FY,UB1,University of York - Sports Village Circular,,3,,,
YWAW0CBB,TMS,WCB,Wakefield City Bus,,3,,,
YWAX004,STCO,X4,Holme Valley Hospital - Huddersfield,,3,,,
YWAX006,YRB,X6,Bradford - Leeds (Limited Stop),,3,,,
YWAX007,FL,X7,Leeds - Alwoodley Gates,,3,,,
YWAX010,STCO,X10,Huddersfield - Holmfirth,,3,,,
YWAX011,FCH,X11,Parkhead - Huddersfield (Limited Stop),,3,,,
YWAX014,FL,X14,Pudsey - Leeds,,3,,,
YWAX025,WRAY,X25,Brighouse - Leeds,,3,,,
YWAX029,WRAY,X29,Heckmondwike - Leeds,,3,,,
YWAX032,WRAY,X32,Wakefield - Junction 32 Outlet (Limited Stop),,3,,,
YWAX036,YPC,X36,York - Pocklington,,3,,,
YWAX040,YCD,X40,Leeds - Whitby (Limited Stop),,3,,,
YWAX041,WRAY,X41,Leeds General Infirmary - Wakefield,,3,,,
YWAX049,SPC,X49,Honley Bridge - Brighouse,,3,,,
YWAX050,SPC,X50,Holmfirth - Ashton Under Lyne,,3,,,
YWAX052,HG,X52,Harrogate - Ilkley,,3,,,
YWAX058,YTG,X58,Halifax - Rochdale,,3,,,
YWAX060,WRAY,X60,Castleford - Leeds,,3,,,
YWAX062,CLT,X62,Hull - Leeds,,3,,,
YWAX063,FCH,X63,Huddersfield - Bradford,,3,,,
YWAX064,HG,X64,Aberford Old Cafe - Garforth Academy,,3,,,
YWAX070,HG,X70,Harrogate - Tadcaster,,3,,,
YWAX078,YTG,X78,Halifax - Brighouse,,3,,,
YWAX084,FL,X84,Leeds - Skipton,,3,,,
YWAX085,FL,X85,Leeds - Otley,,3,,,
YWAX088,WRAY,X88,Wakefield - TK Maxx Ferrybridge (Limited Stop),,3,,,
YWAX098,FL,X98,Leeds - Deighton Bar,,3,,,
YWAX099,FL,X99,Leeds - Deighton Bar,,3,,,
YWAZ0APP,YCD,ZAP,Leeds - York Stonebow,,3,,,
YWBO001,FY,1,Wigginton - Chapelfields,,3,,,
YWBO002,FY,2,Rawcliffe Bar Park and Ride - York Circular,,3,,,
YWBO003,FY,3,Askham Bar Park and Ride - York Circular,,3,,,
YWBO004,FY,4,York Clifford Street - Acomb Green Lane,,3,,,
YWBO005,FY,5,Strensall - Acomb,,3,,,
YWBO006,FL,6,Leeds - Holt Park,,3,,,
YWBO007,FL,7,Leeds - Primley Park,,3,,,
YWBO008,HG,8,Halton - Pudsey,,3,,,
YWBO009,FY,9,Monks Cross P&R - York City Centre Circular,,3,,,
YWBO010,YCD,10,Nether Poppleton - Stamford Bridge,,3,,,
YWBO011,FL,11,Pudsey - Cross Gates,,3,,,
YWBO012,FY,12,Monks Cross - Foxwood Lane,,3,,,
YWBO013,HG,13,Haxby - Copmanthorpe,,3,,,
YWBO014,FY,14,Haxby West Nooks - Foxwood Lane,,3,,,
YWBO016,HG,16,York Merchantgate - Acomb,,3,,,
YWBO019,RMS,19,Skelton Brecksfield - York,,3,,,
YWBO020,YCD,20,Rawcliffe - Osbaldwick,,3,,,
YWBO021,YTG,21,Halifax - Highroad Well Circular,,3,,,
YWBO022,YTG,22,Halifax - Claremount Circular,,3,,,
YWBO024,YTG,24,Halifax - Wainstalls,,3,,,
YWBO026,FY,26,York Piccadilly - Fulford,,3,,,
YWBO030,CTP,30,Pontefract - Hemsworth,,3,,,
YWBO036,YPC,36,York - Sutton On Derwent,,3,,,
YWBO038,HG,38,White Rose Centre - Gledhow Lidgett Lane,,3,,,
YWBO049,CTP,49,Pontefract - Ackworth Bracken Hill,,3,,,
YWBO066,FY,66,York Sport Village - York Nunnery Lane,,3,,,
YWBO070,HDT,70,Harrogate - Leeds,,3,,,
YWBO071,HDT,71,Harrogate - Leeds,,3,,,
YWBO074A,FL,74A,Leeds - Middleton,,3,,,
YWBO126,STN,126,Wakefield - Ossett,,3,,,
YWBO183,STN,183,Thornhill Lees - Batley Girls High Sch,,3,,,
YWBO184,FGM,184,Manchester Piccadilly - Huddersfield,,3,,,
YWBO200,FY,200,Askham Bar - York James Street,,3,,,
YWBO205,LS,205,Mirfield - Dewsbury,,3,,,
YWBO223,WRAY,223,Mirfield - Leeds,,3,,,
YWBO229,FCH,229,Huddersfield - Leeds,,3,,,
YWBO231,WRAY,231,Netherton - Wakefield,,3,,,
YWBO232,YTG,232,Huddersfield - Wakefield,,3,,,
YWBO256,YRB,256,Brighouse - Bradford,,3,,,
YWBO262,FCH,262,Huddersfield - Upper Heaton,,3,,,
YWBO301,TEDE,301,Huddersfield - Golcar Circular,,3,,,
YWBO323,TEDE,323,Huddersfield - Thick Hollins,,3,,,
YWBO324,TEDE,324,Huddersfield - Meltham,,3,,,
YWBO342,TLC,342,Huddersfield - Hurst Knowle,,3,,,
YWBO356,YTG,356,Huddersfield - Longwood,,3,,,
YWBO358,YTG,358,Huddersfield - Ashenhurst Circular,,3,,,
YWBO370,STL,370,Huddersfield - Salendine Nook Circular,,3,,,
YWBO371,STL,371,Huddersfield - Salendine Nook Circular,,3,,,
YWBO500,FY,500,York - Woodthorpe Circular,,3,,,
YWBO527,SQU,527,Astley - Garforth Academy,,3,,,
YWBO532,CTP,532,Ackworth - Carelton Community High,,3,,,
YWBO537,YTG,537,Halifax - Huddersfield,,3,,,
YWBO546,ROTR,546,Castleford Bus Station - Sth Featherstone Academy,,3,,,
YWBO560,YTG,560,Halifax - Commons,,3,,,
YWBO571,YTG,571,Halifax - Bradford,,3,,,
YWBO574,CPL,574,Pinfold Lane - Rodillian,,3,,,
YWBO579,YTG,579,Halifax - Sowerby,,3,,,
YWBO590,ROST,590,Todmorden - Rochdale,,3,,,
YWBO659,WRAY,659,Batley Hick Lane - Woodkirk High School,,3,,,
YWBO873,WRAY,873,Ilkley - Malham,,3,,,
YWBO884,WRAY,884,Dewsbury - Malham,,3,,,
YWBO940,KDT,940,Otley - Holt Park,,3,,,
YWBO964,TEDE,964,Otley - Cambridge Drive Circular,,3,,,
YWBX007,STCO,X7,Hade Edge - Huddersfield,,3,,,
YWBX011,YRB,X11,Bradford - Leeds (Limited Stop),,3,,,
YWBZ0APP,BP,ZAP,Manchester - Leeds,,3,,,
YWCO009,SQU,9,Seacroft Bus Station - White Rose Centre,,3,,,
YWCO183,CTP,183,Pontefract - Wakefield,,3,,,
YWCO231,YTG,231,Huddersfield - Wakefield,,3,,,
